1	3452	1165	3108
2	2975	1057	3967
3	823	3315	4311
4	3717	410	4322
5	3137	1278	1876
6	3734	850	3415
7	4305	680	2776
8	3510	1277	2936
9	2913	58	3352
10	1872	227	957
11	3994	3241	4673
12	1910	4289	737
13	2630	3942	4105
14	3457	4990	1255
15	1694	4836	1166
16	2241	1590	4062
17	3677	623	3475
18	3421	337	2835
19	689	1219	4047
20	2073	214	4564
21	2058	2135	1997
22	4266	1254	4780
23	1506	3767	1878
24	811	1959	1968
25	239	1821	3740
26	90	3078	4033
27	891	4434	124
28	3564	4814	3290
29	2246	2614	4779
30	4848	125	109
31	2661	3393	2345
32	1661	474	1625
33	3639	4984	902
34	4407	2289	111
35	419	3082	4070
36	752	3224	134
37	2677	2437	2069
38	4566	1406	2422
39	3546	378	2689
40	3347	3867	3021
41	4578	3458	2509
42	1753	2770	697
43	3874	1015	1284
44	2389	4091	2783
45	4995	1822	2624
46	4743	4569	1536
47	4417	1391	4742
48	3031	4957	4943
49	3273	3053	4827
50	4552	1337	3011
51	985	4750	2248
52	2501	411	1167
53	3698	3775	1915
54	4661	2419	4842
55	2626	4304	2294
56	1861	3296	4717
57	975	4693	519
58	530	1831	2144
59	2826	4053	3795
60	4961	2711	4239
61	4563	3642	2536
62	907	2841	3491
63	4365	1617	4088
64	4589	3818	3939
65	1804	3280	842
66	4000	161	2310
67	3531	823	4820
68	270	4626	2088
69	2116	914	1274
70	4168	4243	4900
71	2912	3606	4977
72	1471	4241	197
73	2940	3476	3026
74	3773	3465	553
75	4785	1085	1837
76	2108	4706	2487
77	2965	828	2154
78	2469	4203	2539
79	1768	2291	1349
80	2959	2	1374
81	95	1292	3168
82	3251	4137	2612
83	1929	3620	3413
84	1579	1032	3043
85	2833	1869	778
86	792	4948	3992
87	3747	847	2281
88	3077	2681	495
89	4054	243	2906
90	1489	1741	335
91	1899	3885	1634
92	2219	4895	1139
93	3436	3570	4441
94	3294	2805	2036
95	2498	2089	2289
96	4712	2639	3699
97	2440	218	4700
98	2145	1377	1314
99	4214	3559	2369
100	3788	3442	929
101	2610	2353	1080
102	2628	9	1402
103	1686	1742	2861
104	901	3485	1953
105	2406	4589	2972
106	3871	2532	3260
107	4134	4394	3777
108	2491	4221	3599
109	4088	4342	2685
110	528	2659	2201
111	2728	3179	4394
112	4069	1614	1427
113	4537	4478	940
114	2935	1848	4891
115	2484	2038	246
116	1021	3528	997
117	1287	152	3185
118	933	3032	4658
119	1533	3448	912
120	158	1147	2301
121	2840	1081	4475
122	1372	3646	3402
123	519	3407	3144
124	1227	4748	2490
125	2947	1714	3729
126	4688	1655	3094
127	1080	1648	3167
128	18	4107	2139
129	4487	695	3294
130	556	713	2886
131	3458	4507	4129
132	4293	3446	2261
133	2577	4637	2896
134	1314	468	2764
135	3070	3776	4846
136	3543	4821	283
137	1780	4130	1025
138	3310	3475	4287
139	2835	1799	250
140	2987	819	427
141	1520	3772	1685
142	4526	2369	2571
143	3317	297	271
144	3929	4138	3574
145	2629	1731	2515
146	1171	842	2572
147	3087	2049	977
148	3608	3229	2443
149	3707	4476	2504
150	673	968	3602
151	4689	3278	512
152	2805	3127	588
153	963	3491	3996
154	4909	1211	1360
155	2530	4285	2880
156	2665	4236	14
157	3356	4665	1936
158	3400	3628	1805
159	3974	4260	2582
160	2948	3169	1222
161	4326	2434	11
162	3348	1997	4524
163	3148	196	1492
164	17	4273	3148
165	4260	303	1791
166	927	3778	281
167	977	4353	1642
168	570	3338	4719
169	1633	1132	2170
170	2096	3749	4588
171	4831	3112	3655
172	1641	827	4200
173	4509	3040	745
174	2985	665	1084
175	1837	4787	3552
176	3264	2469	2361
177	3410	2610	3841
178	1647	2876	3072
179	1214	723	310
180	4421	2790	2947
181	4165	459	1434
182	3539	1021	2250
183	4808	4911	1247
184	205	2168	4271
185	2819	3959	4494
186	4325	3931	4708
187	297	957	2971
188	4717	102	318
189	2810	490	1627
190	170	2668	3321
191	836	46	867
192	462	1765	3652
193	2409	2471	3837
194	3741	1782	86
195	4758	2516	1840
196	3644	2078	457
197	746	2409	208
198	1503	3675	4060
199	4393	2342	2812
200	4133	1897	3559
201	707	3329	72
202	4724	1815	2610
203	3293	206	432
204	2916	4651	1290
205	3018	3848	4697
206	2452	294	4799
207	4369	2773	4257
208	1642	2552	3383
209	223	4859	3885
210	3249	4041	269
211	4926	593	2135
212	2955	4789	4179
213	164	1328	1698
214	4227	315	1963
215	330	3126	979
216	540	3016	4184
217	3430	3455	2904
218	943	1527	869
219	529	1967	4423
220	1896	2246	4256
221	753	1800	4117
222	3483	1682	3643
223	91	3384	1896
224	3385	1513	137
225	3391	2588	2752
226	4344	4150	3666
227	3724	551	321
228	4117	919	1888
229	1712	3508	2347
230	4108	4210	2682
231	3572	2831	4364
232	3769	4707	2540
233	4562	3303	2166
234	1275	960	4177
235	4575	367	2133
236	2243	1046	2541
237	2581	4847	3393
238	1358	2972	4817
239	1513	3263	2233
240	896	3999	2771
241	3803	2946	2766
242	552	766	3849
243	2055	4677	1524
244	4386	1452	4360
245	2397	3037	2815
246	450	3773	1371
247	4065	4538	1194
248	260	4645	3949
249	3412	972	3620
250	3236	4005	577
251	4225	1901	4255
252	3121	1387	4831
253	4275	4030	4045
254	3688	984	1432
255	2778	1613	2420
256	4215	1865	2640
257	1086	4054	4517
258	4448	776	1572
259	2904	3653	817
260	2756	634	442
261	4807	2148	2438
262	1562	2595	25
263	2858	2454	4361
264	2380	363	2461
265	3361	3376	70
266	4975	1690	2560
267	3432	3449	719
268	952	4494	772
269	7	4614	1090
270	1435	1928	1146
271	1512	2531	1386
272	2506	1420	4151
273	4764	1230	4852
274	1777	3472	4021
275	230	3754	4094
276	2928	2169	4984
277	2528	4660	2383
278	599	439	1722
279	2627	2021	1367
280	4940	3719	4580
281	355	285	1580
282	4988	4767	4349
283	350	3878	959
284	595	1974	3009
285	1492	4271	1049
286	4361	3722	1875
287	2932	4228	1251
288	1087	3844	4115
289	4874	3939	2859
290	604	1365	777
291	1574	216	4821
292	1228	1918	3267
293	2921	4944	3115
294	2862	4106	2014
295	227	2774	422
296	1477	1460	3822
297	717	1691	2332
298	2014	2796	2819
299	1084	2778	1102
300	725	2176	4116
301	137	591	4054
302	3300	4151	1011
303	3843	915	4897
304	565	3590	705
305	895	2198	2481
306	353	3214	1494
307	1773	3771	1112
308	2309	4735	1764
309	1611	718	4945
310	1006	3327	1491
311	1584	3651	2945
312	1877	1003	2542
313	1297	2849	2425
314	2564	1732	2182
315	2342	2392	763
316	3914	584	976
317	1393	3877	58
318	4830	3863	3521
319	3719	323	899
320	2493	3165	2178
321	1100	1487	97
322	3407	314	531
323	3038	4902	417
324	3972	771	4871
325	4843	4390	2834
326	2781	955	827
327	3521	3052	3624
328	1654	3399	3003
329	4	1828	1645
330	844	4791	3748
331	3918	4411	597
332	648	3094	7
333	3840	437	2286
334	2169	3149	1228
335	3456	498	4066
336	4076	2149	3275
337	1169	4314	4190
338	4677	562	4133
339	1989	1572	4082
340	3286	2015	2219
341	2398	2039	2838
342	3762	2907	1193
343	3192	4656	2126
344	3283	1919	3895
345	4573	3234	4242
346	1549	906	4164
347	97	501	873
348	32	667	3816
349	3041	4183	3869
350	2060	1510	1832
351	1531	676	2644
352	1983	822	1453
353	1864	1786	4764
354	2544	2818	4544
355	1142	908	4280
356	687	775	1637
357	1810	1118	61
358	389	3503	4521
359	129	2166	2151
360	3335	4508	3010
361	4604	4555	2009
362	1225	3299	1573
363	1528	1347	1633
364	4685	478	378
365	2152	2138	5000
366	729	2563	1609
367	4425	2808	4635
368	3377	4413	3467
369	763	43	487
370	805	628	2888
371	2332	4261	4937
372	1120	916	3947
373	1888	2081	600
374	1454	1240	424
375	1485	4122	127
376	47	2672	4101
377	3358	4758	1788
378	2970	1232	455
379	236	154	2876
380	1866	104	2988
381	431	3769	2264
382	4693	4974	798
383	4561	2737	1062
384	2471	2540	1271
385	2779	2729	2015
386	2752	4364	1721
387	4160	150	4769
388	3506	3077	717
389	986	779	175
390	140	739	115
391	3601	1810	695
392	693	3021	4059
393	1115	4753	3179
394	2772	364	4598
395	1650	941	622
396	4077	1346	1598
397	1064	2278	1283
398	2534	237	4679
399	1828	3036	272
400	4708	3095	1061
401	4014	1145	2670
402	4277	1981	332
403	1143	863	595
404	1179	1258	4339
405	2184	129	1978
406	2224	3061	3707
407	190	4874	4601
408	3217	1973	858
409	3369	4875	491
410	395	1411	2430
411	4241	613	4620
412	3346	1704	2315
413	922	1097	1020
414	1486	3779	2576
415	3586	4435	3809
416	4056	994	273
417	4394	3916	4076
418	3811	3761	999
419	4981	2175	1074
420	3544	4460	2628
421	98	4475	4589
422	3460	3457	363
423	1992	2874	1672
424	1714	3856	3445
425	4543	4331	845
426	1519	4199	2441
427	1636	3565	4298
428	1005	3349	4447
429	2692	4144	779
430	62	1964	4551
431	2672	2690	3296
432	1851	3097	2745
433	1750	1985	2223
434	3784	3245	91
435	1327	3312	1922
436	1364	2747	4087
437	845	4217	401
438	1920	1531	1286
439	465	4923	1420
440	3551	4168	1021
441	4837	2918	4608
442	3685	887	3142
443	2261	1674	3621
444	1089	1321	3429
445	2714	1528	1138
446	1231	1008	3669
447	3518	254	2132
448	4651	1522	2217
449	2025	1978	1671
450	1319	4842	3758
451	1247	3144	142
452	3837	2523	2396
453	68	598	3981
454	2547	1840	1872
455	2696	1028	547
456	1790	985	2350
457	2773	4582	3100
458	417	4420	3154
459	33	2242	2782
460	2771	1410	1770
461	4265	306	2118
462	2143	3911	802
463	742	1993	3385
464	2095	899	2848
465	4945	3288	3915
466	3085	4312	1829
467	1464	280	4676
468	2119	4702	1684
469	2510	4404	4944
470	3670	4756	3976
471	214	3007	2103
472	1735	2534	2295
473	1629	282	4191
474	4789	2112	3710
475	2589	1667	4370
476	1063	3511	2185
477	4953	2238	3608
478	2233	3957	3057
479	1260	1789	3330
480	1744	4537	786
481	1591	2497	862
482	3340	1170	63
483	835	2640	1468
484	3941	4766	565
485	548	4455	3826
486	3706	1358	3029
487	1232	2335	12
488	4255	4785	4744
489	4786	3100	355
490	1883	3618	287
491	1124	4970	4188
492	4005	581	3723
493	346	4242	16
494	2878	2143	1998
495	1234	4339	4619
496	69	1638	4431
497	4084	1472	2943
498	4284	1467	2966
499	3295	2439	1466
500	3532	4800	4213
501	3221	2705	2500
502	2938	1415	4733
503	2645	2777	1493
504	3899	4178	1783
505	4633	557	330
506	2556	3427	4050
507	2915	4999	2319
508	1993	1112	872
509	1025	2962	4290
510	3026	21	1859
511	3230	2769	2417
512	2606	2762	3751
513	745	2821	4089
514	2674	1285	3872
515	3203	4195	3431
516	4714	1216	2555
517	3130	2217	3785
518	1401	1423	2991
519	433	2357	3640
520	2314	4683	2017
521	4196	741	1469
522	3485	251	2198
523	924	3055	2391
524	4644	3422	687
525	2170	1309	994
526	2403	4728	2964
527	4182	4223	529
528	3016	1396	2603
529	708	2755	2214
530	4415	3397	4731
531	2724	1625	3632
532	4341	2098	638
533	3831	2509	4233
534	3193	4844	4490
535	3389	2170	4911
536	412	3260	3135
537	2418	1002	4628
538	2435	269	1554
539	2538	1160	107
540	4979	2700	2921
541	3931	3494	333
542	4595	1326	3388
543	3991	4029	3073
544	4506	2308	4368
545	2230	3765	1882
546	409	2699	3184
547	1746	2387	1324
548	4528	770	961
549	265	3453	3874
550	650	965	3934
551	118	1201	3679
552	2189	4602	54
553	4484	1630	1532
554	4710	262	354
555	3024	2008	2462
556	888	2255	4073
557	193	2836	2987
558	4087	3943	4040
559	545	1867	325
560	2313	3983	3232
561	2258	3810	3270
562	2698	4935	4261
563	764	2832	4259
564	283	2334	3374
565	2743	4078	4282
566	4007	4554	3046
567	1400	2352	2789
568	2417	2390	4375
569	2832	4757	3767
570	1215	456	48
571	2456	924	1136
572	3950	2744	4743
573	1776	503	4811
574	2952	4724	4444
575	872	3505	2750
576	4254	900	3124
577	3605	1768	4166
578	1548	1743	1385
579	1321	3470	4220
580	4564	4161	2356
581	4353	4795	4342
582	2697	1925	3900
583	4916	817	963
584	228	872	1711
585	4795	4374	1935
586	893	2501	2309
587	2726	3293	852
588	2541	4784	1317
589	2009	4931	1260
590	2941	2464	1392
591	4262	3713	68
592	2204	2470	152
593	1077	92	47
594	4431	4360	3660
595	3030	4083	1755
596	4516	1709	2897
597	4039	2422	1926
598	982	2823	680
599	393	4244	3984
600	298	4016	202
601	1997	493	2357
602	509	4116	4994
603	4637	626	88
604	2717	195	633
605	721	1584	207
606	1725	4190	3382
607	3838	4417	2780
608	4920	3261	996
609	2518	4653	3689
610	4949	3292	632
611	3884	861	1041
612	424	3964	506
613	1439	189	4042
614	2451	4087	290
615	2505	2240	4063
616	3160	3674	119
617	2072	2881	1212
618	3491	440	1867
619	1053	4010	1277
620	120	4965	261
621	1835	3889	1421
622	3780	1600	3550
623	2859	2059	876
624	2129	1876	1670
625	926	3466	2823
626	4970	4622	1557
627	2477	2678	1157
628	217	975	3912
629	4622	4100	1063
630	56	226	3414
631	3742	509	4735
632	2634	1680	3746
633	1523	589	3592
634	1322	3361	780
635	1925	4463	1426
636	697	1864	3283
637	2347	3031	1487
638	2798	1266	1278
639	4466	4252	4046
640	2966	4465	781
641	3167	3672	2878
642	4240	2768	2734
643	569	4018	2253
644	3099	394	587
645	4963	990	1589
646	2871	3735	2432
647	58	4257	1369
648	3472	2227	4126
649	3549	1109	2365
650	3560	4263	1851
651	4045	202	3206
652	2808	4282	815
653	215	4031	1154
654	2553	3156	2235
655	3227	1474	1808
656	2270	96	4527
657	4935	4893	358
658	1150	84	2889
659	1948	3382	1179
660	1039	1677	3449
661	1243	2087	2824
662	525	891	4142
663	616	2951	3546
664	3581	2997	3038
665	826	4852	4387
666	3948	3408	672
667	1236	3174	1661
668	3179	2046	3389
669	2090	370	682
670	3797	697	1219
671	4107	2922	405
672	1501	3787	2840
673	2305	3569	1825
674	4711	3157	2615
675	1950	4530	3354
676	4164	3276	3549
677	3646	3093	2588
678	2404	1834	4243
679	307	240	1739
680	240	2320	2693
681	774	1082	1901
682	4389	2001	1891
683	235	3629	3052
684	486	2267	1569
685	1566	1990	4822
686	2188	3135	4777
687	754	1639	3997
688	1197	4843	2429
689	524	601	2997
690	4618	3796	861
691	2733	4103	3752
692	359	1312	3065
693	889	832	4175
694	928	253	4975
695	2147	3566	1742
696	2545	831	4710
697	3968	4323	573
698	2259	3517	2832
699	4810	1662	2342
700	3781	3522	2221
701	2113	3336	4688
702	1762	677	2552
703	2992	940	1969
704	2400	4588	4877
705	206	811	4440
706	1370	1087	1207
707	790	3416	706
708	690	4013	191
709	333	3746	1817
710	3119	3524	3096
711	4635	3571	3007
712	2374	1139	2489
713	139	1077	3099
714	822	4824	411
715	2881	3677	822
716	2405	1888	2382
717	2472	4983	2111
718	1812	2461	406
719	3607	3087	3744
720	3759	3207	3114
721	4529	4302	4030
722	4033	3563	4081
723	1571	2652	1199
724	722	485	3675
725	3617	4700	1464
726	3909	288	3614
727	3523	4717	3775
728	4193	1687	1414
729	1427	2581	3932
730	2548	2644	166
731	1218	163	523
732	3047	1431	2680
733	4980	3587	1159
734	3726	1335	615
735	3917	1192	629
736	920	489	1564
737	748	1904	2986
738	489	1212	3579
739	944	4615	3827
740	149	2330	560
741	1996	1656	1660
742	4864	2779	2222
743	4666	4633	190
744	4664	1633	1635
745	1033	816	823
746	199	3152	2959
747	2461	4648	1510
748	306	574	1863
749	2758	2425	1122
750	1808	3641	1144
751	4835	4904	4015
752	755	1664	4824
753	561	3104	568
754	74	896	4221
755	3559	279	1086
756	110	1933	4329
757	2540	1325	636
758	414	4467	617
759	2543	2404	1652
760	4834	4695	2031
761	2560	3790	4630
762	4508	2258	1630
763	580	2256	2254
764	3381	486	955
765	3068	1182	2073
766	1226	2851	1760
767	2829	4055	3606
768	793	1471	2913
769	4372	3852	2792
770	3880	2393	662
771	3467	4487	2141
772	1141	1752	1715
773	2371	3079	2074
774	154	2957	4357
775	1590	3050	3200
776	4370	2937	4306
777	859	1169	3112
778	606	640	3584
779	117	712	4397
780	1099	524	2591
781	4902	2973	1318
782	866	4668	2532
783	1237	2504	4402
784	1843	4444	1730
785	3842	1839	3125
786	466	3853	3069
787	2279	1711	2709
788	1651	4119	919
789	4534	4132	4110
790	3776	4761	3047
791	1815	287	3027
792	2372	855	1636
793	1296	1883	2978
794	3802	911	3539
795	4813	997	4600
796	1616	3990	2852
797	1308	4882	2227
798	2356	20	2793
799	2160	912	3323
800	1994	3269	1727
801	2872	1399	820
802	4177	3264	503
803	35	4277	45
804	3682	3830	2236
805	2111	1184	4850
806	557	4313	2872
807	1938	4892	3331
808	2605	2302	913
809	2429	211	501
810	2968	3499	4996
811	1625	4801	2606
812	882	81	3948
813	123	1719	4879
814	829	3423	4321
815	643	3709	3406
816	3841	2970	728
817	1189	256	2302
818	3660	1610	4400
819	349	463	1587
820	4299	2784	2589
821	1820	4333	958
822	4541	4720	4121
823	168	3295	3513
824	4150	1299	3525
825	4249	1027	4168
826	2349	103	3075
827	1305	844	4304
828	3522	2410	762
829	2237	2568	2994
830	1306	1336	365
831	1239	893	1206
832	1990	1204	2703
833	1545	2727	3217
834	3279	2834	1647
835	3740	4981	2032
836	2415	2653	1616
837	1816	1253	504
838	2067	2765	1435
839	1756	4521	2007
840	2054	4230	3862
841	3092	3434	2843
842	568	4876	3329
843	2713	3740	3483
844	1330	4104	4098
845	639	1872	4611
846	4151	4995	1976
847	1610	1367	839
848	4001	4372	2955
849	2867	3718	1198
850	1159	2343	3866
851	4799	3047	2700
852	1698	1726	4172
853	4583	2284	4097
854	4143	539	2925
855	1024	3406	4621
856	1511	2372	193
857	4501	1011	4451
858	4391	386	647
859	3484	3562	4301
860	3696	2405	2416
861	2327	3584	3852
862	1051	1179	1547
863	418	1503	1188
864	2322	3254	1379
865	4185	2692	4162
866	4147	597	2765
867	3993	4233	739
868	3821	1268	1841
869	3977	999	2161
870	3553	4268	4104
871	4917	2005	1233
872	485	3860	4942
873	992	4550	222
874	174	2752	3659
875	3852	3316	2867
876	2588	2861	707
877	83	3450	337
878	1664	2561	2749
879	2240	4956	3443
880	4169	3633	3391
881	3756	1597	1520
882	1558	1710	2355
883	735	187	2862
884	3746	2375	3235
885	2524	2196	1239
886	3241	2919	3537
887	2495	2232	891
888	852	3731	3647
889	4375	165	2275
890	288	4769	2052
891	3809	4721	2414
892	1070	907	243
893	2063	4491	1617
894	363	4348	15
895	2567	820	1582
896	4879	3596	652
897	3735	3028	351
898	1014	4468	3749
899	2573	3006	4096
900	706	4967	38
901	4032	851	2196
902	2317	4601	104
903	3616	4383	413
904	2280	3017	1252
905	2265	3847	4675
906	1475	4430	3136
907	2725	4992	1511
908	3795	3534	3975
909	2192	79	1514
910	4256	517	1210
911	747	1443	1527
912	4572	2315	1800
913	1325	809	4258
914	1065	674	3493
915	1467	2811	674
916	3758	917	2488
917	2911	660	144
918	105	504	663
919	1834	3008	1187
920	4860	142	1231
921	2375	596	1232
922	563	650	4216
923	4861	2877	2822
924	2550	339	3519
925	1715	1818	2891
926	3700	3249	4061
927	144	2151	1603
928	4655	3451	3824
929	4774	1482	3654
930	1887	173	117
931	2715	143	43
932	2516	4570	2183
933	2737	4349	2021
934	727	2888	20
935	4037	1100	1186
936	873	1844	295
937	3637	1802	2839
938	883	2287	4972
939	4409	2321	4199
940	3001	3439	583
941	2399	2813	4137
942	4993	1599	1234
943	1613	4994	2611
944	2049	3372	2092
945	3675	3058	3512
946	2176	1235	2525
947	2449	1102	2053
948	2585	3558	3973
949	2285	513	1784
950	2299	2785	1571
951	1222	3970	2679
952	855	3356	4778
953	3266	3803	95
954	940	3481	3428
955	658	2826	3479
956	702	2917	2674
957	458	2253	2633
958	2287	4909	1294
959	4070	1025	4071
960	3903	1036	2385
961	1098	3301	56
962	1011	3820	2503
963	3453	1790	1600
964	3152	3175	2262
965	3370	3394	499
966	978	4384	1345
967	4411	433	41
968	740	3644	2985
969	425	2565	1477
970	3409	1228	2242
971	4166	995	1986
972	3428	946	1737
973	3960	1142	2179
974	2888	4500	2753
975	3112	4155	514
976	3622	1154	4412
977	4127	432	206
978	632	2495	3213
979	3737	4655	2600
980	3636	1881	2895
981	4842	607	4962
982	1428	1552	4692
983	2746	1653	4436
984	3886	4173	579
985	2140	2060	3121
986	4503	2466	1192
987	554	2210	3254
988	3159	4913	3677
989	379	335	3548
990	4569	344	4362
991	4337	4490	3305
992	124	3004	4681
993	3424	4326	2251
994	3416	1588	1417
995	4471	3523	4971
996	1186	2417	4547
997	183	1206	4288
998	1589	358	1458
999	931	3691	1925
1000	677	2571	3470
1001	4206	2016	805
1002	657	644	19
1003	3687	4760	945
1004	1915	3575	3242
1005	4197	3904	715
1006	208	530	4495
1007	3002	1058	2340
1008	3990	4846	3106
1009	1569	4297	628
1010	171	3009	3240
1011	4744	1537	2134
1012	3196	4239	3629
1013	4079	1991	596
1014	4892	1369	2229
1015	3799	3232	292
1016	3577	2069	2926
1017	832	4136	3146
1018	4643	2129	751
1019	4459	2349	57
1020	4571	1977	1355
1021	2384	4867	1780
1022	2292	1478	4973
1023	2439	1086	3139
1024	3110	4736	1482
1025	3257	62	1236
1026	207	4451	3908
1027	1396	532	2279
1028	1726	2456	3371
1029	3079	2441	3377
1030	385	2829	1701
1031	103	3409	4887
1032	2554	2268	2979
1033	1203	4799	2634
1034	3312	3155	939
1035	3537	1193	3324
1036	4593	1298	3095
1037	4802	2724	678
1038	819	3320	2087
1039	2283	2338	2546
1040	2000	2182	4701
1041	356	4329	2538
1042	4952	3124	4279
1043	259	2738	908
1044	3103	1550	974
1045	55	1766	3761
1046	778	4934	4334
1047	1739	533	690
1048	1148	4126	3706
1049	2721	2157	1313
1050	3901	4351	3350
1051	2709	3929	1358
1052	4946	1022	4319
1053	2066	3436	257
1054	4611	2366	94
1055	1544	300	2691
1056	2889	3897	4125
1057	3431	1916	1545
1058	4053	3076	2772
1059	1355	884	888
1060	4061	4947	3378
1061	2874	3428	4437
1062	4025	835	1224
1063	1135	3405	1145
1064	1456	3323	2574
1065	3793	94	3093
1066	1419	1520	1006
1067	4354	862	303
1068	3963	4085	4940
1069	4732	3070	4789
1070	4687	2159	3680
1071	128	1650	1161
1072	2603	2181	4157
1073	3301	4480	4487
1074	3083	1797	1333
1075	1356	4545	2831
1076	4128	4416	3071
1077	2012	2424	1293
1078	3414	4599	390
1079	4401	191	564
1080	2428	2007	3318
1081	2950	3069	1480
1082	2751	4366	4890
1083	3985	3160	1585
1084	4770	694	1028
1085	1434	4180	3361
1086	3597	2329	4563
1087	3770	3981	172
1088	787	4868	4225
1089	4220	1982	3819
1090	2956	59	2722
1091	184	986	3158
1092	1178	1195	642
1093	1328	4641	2011
1094	3248	3828	2825
1095	3290	3935	2091
1096	2263	24	4409
1097	1139	1190	4108
1098	4675	2272	4851
1099	4728	4942	188
1100	1678	2443	784
1101	155	3652	138
1102	1981	1174	797
1103	1284	3311	3008
1104	527	1618	2865
1105	1233	2428	2736
1106	2920	699	1724
1107	1059	1220	4228
1108	601	930	1300
1109	2995	944	141
1110	3450	4901	2291
1111	903	931	1065
1112	2377	1297	3734
1113	2424	60	970
1114	4397	2376	425
1115	4347	1514	436
1116	2341	3360	2800
1117	3405	2974	4927
1118	4910	2538	3807
1119	1046	2345	2802
1120	2864	2364	803
1121	661	4024	4647
1122	2368	954	149
1123	773	244	4113
1124	2620	1591	3311
1125	2699	604	1163
1126	3731	2037	2617
1127	1315	2901	1694
1128	3277	637	123
1129	1871	1580	2094
1130	1381	2868	3342
1131	2222	368	554
1132	4482	3679	3987
1133	4410	3128	850
1134	1288	2736	1773
1135	1266	883	2324
1136	2161	4604	4029
1137	4016	2627	1350
1138	703	812	4864
1139	3153	1049	1230
1140	2670	449	2773
1141	4257	4389	3615
1142	1966	753	4633
1143	2046	2792	3462
1144	220	2883	212
1145	1298	780	750
1146	3679	2892	2454
1147	3905	4446	1949
1148	1937	4375	836
1149	2830	4666	2728
1150	1898	2029	3042
1151	3980	804	2922
1152	136	1290	4613
1153	1529	2066	1229
1154	644	4193	4923
1155	4645	4541	3952
1156	5	123	866
1157	3165	4635	4538
1158	2457	1071	3674
1159	1527	4771	3656
1160	4707	426	2894
1161	751	4479	4913
1162	160	1930	264
1163	4778	2150	2082
1164	4725	683	2944
1165	2021	3525	4625
1166	428	483	2372
1167	988	3727	415
1168	1769	3788	2486
1169	3823	5000	1509
1170	4279	1871	4386
1171	3341	510	4512
1172	4640	475	3016
1173	4367	800	1769
1174	3962	3732	155
1175	3080	4316	2142
1176	4982	666	967
1177	202	2927	2580
1178	4948	311	1713
1179	12	3493	651
1180	4366	2878	465
1181	3676	4328	3791
1182	2791	399	2575
1183	3897	2362	3558
1184	491	4105	1982
1185	3135	4395	2269
1186	4794	3195	3425
1187	1301	4497	3384
1188	3281	1239	4025
1189	1930	4930	3215
1190	1160	4240	1394
1191	3939	224	1323
1192	3184	250	2529
1193	3964	4080	3556
1194	1606	4429	4263
1195	1016	480	1539
1196	66	4698	151
1197	947	3734	244
1198	4477	3345	3554
1199	1530	4305	2138
1200	925	4617	754
1201	373	4345	1348
1202	172	1324	2204
1203	1796	1257	3303
1204	1000	1274	3109
1205	1600	1805	2314
1206	1685	113	3953
1207	3034	4093	3465
1208	659	2601	1644
1209	3478	1501	210
1210	3177	1238	4250
1211	2379	492	4453
1212	534	3669	319
1213	1154	3504	753
1214	2	231	4462
1215	3580	4663	602
1216	492	1764	4666
1217	3187	3699	4928
1218	3777	2020	3700
1219	1676	1272	1483
1220	3233	1756	2327
1221	2296	3689	1677
1222	1074	3444	1441
1223	295	4406	2370
1224	4524	1248	2483
1225	2571	4743	4141
1226	2142	2421	2842
1227	4103	141	3423
1228	726	3861	3747
1229	576	3253	2040
1230	1825	2093	1101
1231	1423	1376	883
1232	2765	430	2060
1233	2972	858	694
1234	1097	3693	4056
1235	641	1595	3505
1236	1003	1199	884
1237	4667	4732	1149
1238	3403	3221	2930
1239	762	2468	3351
1240	3668	647	2676
1241	3542	133	2885
1242	4594	1602	551
1243	13	3390	1315
1244	3320	3333	3032
1245	3406	1526	2337
1246	2490	1403	4754
1247	4381	943	3116
1248	574	4226	230
1249	1009	2450	3646
1250	2776	2600	2364
1251	4739	4806	3833
1252	4302	1816	3091
1253	4996	2712	4127
1254	1687	4741	4456
1255	2257	4213	1287
1256	2110	2374	2199
1257	377	4993	505
1258	3714	4845	3170
1259	3907	1678	477
1260	2114	1587	2260
1261	2633	515	52
1262	1399	4578	1503
1263	1648	158	328
1264	2042	4090	3488
1265	3727	199	4313
1266	4735	1187	3551
1267	1936	3177	4497
1268	1669	3975	980
1269	3557	1540	4356
1270	366	2382	4797
1271	1557	2506	1215
1272	2668	1457	1400
1273	1337	2537	3613
1274	1614	758	3648
1275	2373	1760	2080
1276	1235	536	3956
1277	526	1055	35
1278	3893	73	2465
1279	4282	4510	1059
1280	151	4039	4540
1281	3839	2715	4805
1282	1914	534	759
1283	1336	4424	1705
1284	623	4536	1638
1285	1934	3804	930
1286	1956	3370	4309
1287	2656	1477	4515
1288	3561	2332	2122
1289	4591	1615	4248
1290	4616	2624	935
1291	932	3520	765
1292	1724	3630	1024
1293	784	2944	1248
1294	316	2559	3800
1295	3958	3742	2661
1296	1152	2912	4178
1297	4559	272	1407
1298	173	3051	4902
1299	3589	2590	3637
1300	180	4861	4510
1301	1731	2213	132
1302	3612	2002	1118
1303	4184	1728	4949
1304	2853	4458	4424
1305	1055	550	1659
1306	4336	2824	1898
1307	4308	1093	4416
1308	4089	1134	3316
1309	3313	1532	3279
1310	2868	4917	4107
1311	4188	2546	3180
1312	1879	4325	1372
1313	2841	3581	1137
1314	3600	2304	542
1315	2735	4269	4099
1316	4974	4829	4295
1317	4989	61	4533
1318	2687	4556	3494
1319	962	3585	4670
1320	344	2693	2974
1321	303	4074	2578
1322	354	3621	665
1323	3049	3649	1082
1324	2052	2361	936
1325	4838	3068	3070
1326	3998	31	2238
1327	1952	2031	3692
1328	4851	2305	2511
1329	134	77	2833
1330	1848	3750	3262
1331	1345	956	4843
1332	1626	2249	4432
1333	372	3488	2744
1334	816	3415	2738
1335	1554	336	569
1336	4873	1700	3372
1337	2870	50	3633
1338	4246	148	1690
1339	376	4558	3844
1340	1761	2706	708
1341	126	1386	2401
1342	3023	2296	3516
1343	4700	372	4501
1344	3387	4744	3501
1345	1114	4650	2022
1346	421	538	3946
1347	766	1675	3033
1348	2345	166	1560
1349	2660	252	3209
1350	1052	3103	103
1351	4171	230	4840
1352	2559	608	4206
1353	679	3658	1050
1354	1586	171	3420
1355	1085	1005	3299
1356	870	788	2630
1357	1407	3824	1675
1358	2982	3859	1663
1359	2597	3615	2041
1360	4192	4504	3238
1361	4085	3915	1019
1362	2562	2908	4925
1363	1972	4563	832
1364	3072	4762	1178
1365	4701	499	2176
1366	4340	3473	1599
1367	3125	1866	1708
1368	1500	2530	2970
1369	4797	885	1827
1370	2144	3888	89
1371	2229	4058	4974
1372	3296	4860	3326
1373	1832	318	1340
1374	562	2638	4203
1375	1257	1016	1289
1376	2638	4393	2164
1377	1092	4423	4709
1378	4210	3304	938
1379	2748	479	1908
1380	2570	1385	1071
1381	3584	3956	1655
1382	3032	4977	2787
1383	1949	2303	2039
1384	4270	1938	4555
1385	4557	2691	32
1386	44	2635	1856
1387	3890	1976	4051
1388	2869	2650	1037
1389	1217	2903	4211
1390	989	1483	101
1391	3933	3159	3446
1392	93	2986	684
1393	730	4598	1397
1394	4191	4912	3916
1395	779	1683	4992
1396	422	2948	1747
1397	3368	321	591
1398	4576	3739	4237
1399	1791	926	518
1400	1577	2408	4163
1401	695	4964	2189
1402	4073	2734	3014
1403	4832	909	868
1404	3650	4412	2400
1405	438	2188	3810
1406	1333	3182	2882
1407	3142	1734	3161
1408	904	3780	1853
1409	2522	4640	3708
1410	1255	3647	3880
1411	222	4774	3681
1412	602	3325	3815
1413	716	2926	3942
1414	1326	1037	1733
1415	4180	2837	1488
1416	1083	1854	1995
1417	1250	508	4915
1418	3169	2347	381
1419	3965	4179	3199
1420	1484	2399	4384
1421	2088	4272	3782
1422	738	2954	1373
1423	2048	2113	2501
1424	768	3487	214
1425	290	2982	2726
1426	1037	4419	2387
1427	3176	1736	3127
1428	2091	1260	1565
1429	4495	381	3726
1430	2592	1962	2721
1431	2599	4815	1738
1432	1991	2319	3228
1433	1202	10	1951
1434	3250	4514	2384
1435	4760	1953	3062
1436	2650	4611	1504
1437	2416	4638	44
1438	3702	1131	3846
1439	1733	1051	114
1440	1631	2570	4027
1441	3915	580	3053
1442	3378	255	4235
1443	520	3602	966
1444	1121	4971	4139
1445	495	181	2285
1446	3870	496	4159
1447	950	2012	4277
1448	4146	1281	1182
1449	2197	4560	2905
1450	1424	2298	3847
1451	1167	1305	2077
1452	3718	2533	2573
1453	1455	346	4814
1454	61	830	604
1455	2334	2500	2711
1456	1597	1577	184
1457	2686	3955	3387
1458	1565	652	2329
1459	2750	74	4653
1460	2223	617	1857
1461	2799	3281	992
1462	1564	3085	1719
1463	4398	3212	3526
1464	2348	3388	96
1465	2843	466	1731
1466	4978	4566	3302
1467	4944	721	4591
1468	2086	454	4340
1469	119	1586	4775
1470	1377	3744	4335
1471	949	2263	1683
1472	2194	1123	2914
1473	1783	777	3152
1474	4968	2065	1197
1475	284	2732	2762
1476	2487	2598	3164
1477	4512	4689	2070
1478	1893	3000	3366
1479	1460	3786	394
1480	3558	2843	4289
1481	2366	3961	1667
1482	810	3561	4312
1483	4183	3217	4503
1484	2248	3106	324
1485	1117	1836	2710
1486	1635	101	2477
1487	3446	3377	1303
1488	2879	976	4068
1489	3073	3593	562
1490	4119	2647	2998
1491	65	4862	1939
1492	4004	2226	1461
1493	2168	3952	3890
1494	194	4725	1515
1495	921	162	1994
1496	4478	2719	3468
1497	997	2989	4662
1498	45	2726	1478
1499	4620	3687	1016
1500	1360	1826	1916
1501	2930	3474	1076
1502	2043	2282	2442
1503	785	1414	4848
1504	3798	220	804
1505	1876	338	159
1506	2074	369	3839
1507	3120	2594	3536
1508	4868	1468	4112
1509	1663	305	1947
1510	3563	3756	4684
1511	3845	763	4480
1512	3847	4283	4106
1513	4236	4778	2081
1514	3392	2121	3582
1515	3447	971	3087
1516	4634	3134	4165
1517	3036	3402	2620
1518	2842	3539	2798
1519	3592	2735	1254
1520	3956	2649	4114
1521	3186	505	1142
1522	4931	2798	4373
1523	3872	1571	4003
1524	4452	455	1606
1525	786	2631	4741
1526	1451	4162	3901
1527	739	4310	3397
1528	1277	4675	3287
1529	133	37	3861
1530	195	42	1662
1531	3240	3535	4504
1532	2215	1603	483
1533	67	570	1518
1534	3009	1428	3110
1535	2648	2671	1205
1536	3084	3785	4812
1537	4731	2674	509
1538	4947	2679	4922
1539	1786	1202	4642
1540	2319	4165	2806
1541	683	210	1991
1542	24	3986	4794
1543	279	1604	3616
1544	2850	2323	4903
1545	253	782	2038
1546	1563	159	1561
1547	3505	3954	1681
1548	313	3726	1844
1549	1283	71	3845
1550	1953	590	4519
1551	4545	4592	2781
1552	4958	2730	3618
1553	2402	3222	1695
1554	906	4740	4212
1555	3115	3194	1646
1556	3033	3993	4698
1557	611	3592	2929
1558	2344	709	3149
1559	4983	267	2338
1560	2103	4629	3118
1561	1943	1256	1902
1562	2499	2617	1988
1563	4523	910	2184
1564	2855	2611	3657
1565	1216	3206	2594
1566	4705	2293	3627
1567	2958	2873	1544
1568	4472	1735	4695
1569	1394	1598	1322
1570	2155	3723	3520
1571	2584	3541	1165
1572	4574	952	3639
1573	628	2630	2306
1574	2718	3140	1301
1575	1049	710	2951
1576	3748	3118	2224
1577	3620	4969	3317
1578	3593	221	2280
1579	2847	724	987
1580	2608	1948	2335
1581	736	3883	1428
1582	4207	2539	3609
1583	4877	4196	2308
1584	153	2512	2665
1585	1390	2283	742
1586	2900	2365	1531
1587	4237	2746	494
1588	2041	72	3508
1589	3315	1611	3013
1590	3081	740	2804
1591	1079	3099	4146
1592	3050	2004	2467
1593	1388	3994	3813
1594	1583	3923	4147
1595	1103	4249	1584
1596	877	1737	3195
1597	1947	1951	448
1598	1926	1946	1528
1599	4467	4065	4345
1600	269	4692	3298
1601	1799	2241	1980
1602	4891	1445	1877
1603	3455	209	4862
1604	1850	904	1855
1605	2846	4017	4579
1606	4657	3578	2171
1607	564	1905	524
1608	1320	4146	2990
1609	437	457	1393
1610	1681	2045	698
1611	905	654	2554
1612	1728	1894	2004
1613	3067	4900	4567
1614	2768	2886	2513
1615	1748	4526	346
1616	1343	2887	2024
1617	4067	4575	4858
1618	3470	2036	559
1619	3095	2096	1792
1620	2164	3872	2479
1621	1497	2938	4568
1622	4937	755	3575
1623	1067	2716	2297
1624	974	843	3922
1625	4819	1327	34
1626	1038	3168	4396
1627	4058	4365	1085
1628	334	1451	683
1629	1136	3025	4592
1630	4505	540	3280
1631	4709	4932	353
1632	2631	878	3450
1633	1422	1536	118
1634	2804	4209	2140
1635	3101	4167	1640
1636	4790	2725	962
1637	4737	761	4946
1638	4565	4708	4425
1639	597	4531	1445
1640	3194	2816	2209
1641	1268	4678	4525
1642	4990	751	645
1643	973	786	1240
1644	2607	846	4806
1645	2122	1701	4202
1646	4187	793	4813
1647	3873	3549	81
1648	3439	3110	1774
1649	3086	1652	338
1650	1968	3410	2397
1651	2281	1585	3037
1652	1020	4749	4960
1653	3961	3389	829
1654	2502	2401	2376
1655	2473	4711	4550
1656	1028	3576	2989
1657	2260	4532	879
1658	4094	3941	1180
1659	49	2642	4934
1660	4854	3178	471
1661	1581	1332	3061
1662	285	4733	4028
1663	1784	4742	3607
1664	711	4866	304
1665	3817	836	3023
1666	699	2085	4382
1667	224	268	2049
1668	2468	2266	3565
1669	579	1236	396
1670	2395	3839	2660
1671	1069	690	9
1672	1290	3953	294
1673	1223	1310	2879
1674	1863	2977	3054
1675	459	4265	3921
1676	885	3237	3452
1677	4348	3492	2000
1678	851	2576	2495
1679	3658	993	3661
1680	1975	1686	450
1681	2367	4679	4541
1682	2242	3855	437
1683	4668	2507	1519
1684	1091	707	300
1685	36	1717	3227
1686	3654	3162	484
1687	4438	2048	36
1688	80	4926	4470
1689	769	3321	2514
1690	2141	2368	4395
1691	2148	4308	4401
1692	4959	2634	331
1693	4550	4719	1744
1694	3527	2044	2655
1695	2500	4408	3781
1696	3411	3809	2484
1697	2234	1921	1763
1698	676	701	641
1699	2542	4274	3460
1700	3791	1380	1712
1701	2093	2189	4727
1702	815	4057	4730
1703	2355	4996	1004
1704	302	1988	1726
1705	911	3463	1243
1706	1490	4832	2654
1707	2963	2153	2127
1708	938	2496	400
1709	849	4079	585
1710	3228	2000	1054
1711	1556	245	2366
1712	477	3419	2911
1713	4919	4067	4429
1714	2003	177	3875
1715	1921	4441	113
1716	3529	1068	2101
1717	4322	3227	2075
1718	1134	733	4988
1719	4615	3065	3058
1720	2814	3951	4986
1721	3983	3548	768
1722	589	392	4399
1723	1588	4501	2512
1724	4483	3284	4265
1725	3374	3247	3335
1726	1248	1067	1042
1727	2708	719	2317
1728	3579	3417	2686
1729	4713	4540	4414
1730	1859	4581	2006
1731	1295	506	1099
1732	4887	2423	1267
1733	1785	4362	4266
1734	122	4908	2599
1735	82	4439	4841
1736	1470	2677	105
1737	3185	390	3086
1738	1385	1496	3964
1739	2031	3899	2215
1740	2422	460	3216
1741	3973	1857	2256
1742	2546	963	644
1743	2026	4357	2607
1744	4502	845	270
1745	614	4064	2065
1746	3037	3554	3510
1747	317	1069	1680
1748	2453	3364	1668
1749	3180	1264	148
1750	4820	407	3268
1751	1329	198	793
1752	809	1689	3719
1753	246	1465	609
1754	505	3984	2933
1755	4660	2586	3346
1756	4420	3418	2784
1757	2100	573	2775
1758	478	4709	239
1759	1261	2476	3763
1760	514	461	1552
1761	4194	4503	2433
1762	4911	4111	223
1763	3615	578	2653
1764	879	3730	1771
1765	2361	2133	3169
1766	4939	3627	522
1767	2323	2136	2581
1768	1397	1932	1654
1769	1984	672	216
1770	3866	2621	1452
1771	630	3166	3742
1772	3182	918	1100
1773	4726	1555	1813
1774	2062	948	3587
1775	1507	1378	1703
1776	2097	1469	2678
1777	384	2094	4963
1778	4914	2053	2884
1779	2910	2934	1131
1780	476	1064	4057
1781	567	3782	4244
1782	1463	2553	3140
1783	189	3020	1117
1784	407	2445	1740
1785	2877	2430	3347
1786	853	1969	2026
1787	2969	2126	691
1788	4933	307	3896
1789	274	2177	4939
1790	4719	2854	4296
1791	1151	3869	2858
1792	4518	2333	2445
1793	4582	1676	3957
1794	2892	1491	4350
1795	3136	1880	4492
1796	1622	599	1208
1797	1988	1024	1651
1798	3181	3042	2868
1799	1090	3426	985
1800	783	3996	1140
1801	1620	4704	4933
1802	3359	2733	179
1803	698	4392	3373
1804	2195	3432	3578
1805	1066	2791	4678
1806	1442	2760	3990
1807	152	4324	488
1808	2734	2689	2226
1809	3150	2717	3535
1810	728	4448	1270
1811	3166	3940	3241
1812	463	588	1558
1813	4828	4520	3918
1814	2180	1500	3848
1815	4492	1464	301
1816	426	3978	2270
1817	3790	605	4749
1818	2029	3211	1308
1819	2801	2416	466
1820	669	4627	1984
1821	2214	2709	2949
1822	181	1054	4008
1823	2887	2252	1906
1824	705	1852	848
1825	1368	2663	3163
1826	2437	614	3194
1827	1612	1879	4556
1828	1430	3153	1433
1829	15	205	232
1830	1340	4731	2596
1831	884	1152	2818
1832	3288	2857	3878
1833	4114	4807	2066
1834	4462	2486	4783
1835	9	3944	4204
1836	4026	4428	4508
1837	917	791	4011
1838	113	3710	352
1839	1792	2524	3888
1840	555	778	4671
1841	3461	2203	2116
1842	2182	2327	2863
1843	4824	2185	991
1844	3751	2484	1258
1845	2558	1926	454
1846	1263	3928	1613
1847	3395	3202	2304
1848	1474	316	4079
1849	4303	4667	4269
1850	4629	507	3562
1851	3883	4835	1820
1852	1604	4920	3567
1853	4149	1917	626
1854	1709	1715	878
1855	1002	4982	249
1856	808	737	3138
1857	1885	56	3779
1858	3497	3946	4463
1859	4780	734	177
1860	4095	2850	1319
1861	1817	4211	3004
1862	3440	107	1575
1863	1140	4397	4734
1864	2681	4127	3945
1865	3585	4890	1177
1866	3469	921	4748
1867	2301	1263	1462
1868	869	443	4417
1869	4531	3305	3344
1870	2883	444	4693
1871	157	4499	2903
1872	4315	2797	2727
1873	4954	1408	4786
1874	2291	1045	1450
1875	2431	4288	2521
1876	3065	1915	1285
1877	3820	829	1113
1878	3082	2273	1093
1879	538	2754	2830
1880	1303	2402	1376
1881	1853	1755	1191
1882	3867	4033	4292
1883	1105	2373	2938
1884	2255	4734	4687
1885	4234	1954	1728
1886	2267	1092	3259
1887	864	2118	4968
1888	2382	4403	4553
1889	3738	4672	1816
1890	3238	3891	2232
1891	4869	4361	3340
1892	2813	4939	1175
1893	627	1062	4522
1894	2454	2885	3319
1895	51	4432	3686
1896	2795	4953	1033
1897	2727	4095	375
1898	876	2132	1225
1899	1833	1579	1160
1900	1516	4363	108
1901	1870	3454	1465
1902	2695	2522	4907
1903	4771	68	4252
1904	2565	3591	3196
1905	1282	681	783
1906	3396	1581	4584
1907	566	3868	4450
1908	507	2386	2533
1909	3239	3795	1148
1910	2535	2026	475
1911	2582	1559	4161
1912	1958	301	2419
1913	3106	2930	3411
1914	553	664	3442
1915	4722	1657	1439
1916	2593	1125	4905
1917	3508	4979	135
1918	1126	784	1390
1919	1903	1776	973
1920	4226	4011	4712
1921	3647	1706	1335
1922	447	1757	4419
1923	4596	4421	4010
1924	3444	649	3524
1925	2690	606	231
1926	3465	3352	846
1927	2127	1144	3281
1928	2685	1213	627
1929	3621	2191	2293
1930	1700	4713	2648
1931	1736	2990	1975
1932	1109	3462	1794
1933	4690	745	2399
1934	3767	795	3769
1935	2712	208	3840
1936	668	3271	1190
1937	603	2661	1347
1938	957	174	1725
1939	3986	4275	37
1940	2130	217	4899
1941	937	2197	407
1942	1704	3924	3876
1943	4285	1899	2928
1944	4776	2628	975
1945	3055	1846	990
1946	1891	319	3117
1947	3131	767	4926
1948	3434	4830	775
1949	3074	4317	13
1950	587	4143	3590
1951	292	8	3547
1952	1805	105	1850
1953	1764	1300	2380
1954	4211	2205	4865
1955	383	2991	2907
1956	831	673	1451
1957	2045	1860	3638
1958	4811	1454	788
1959	3284	1355	2163
1960	4385	2075	1262
1961	664	119	3671
1962	3920	2759	2699
1963	3127	422	1754
1964	522	2612	1628
1965	1119	2753	3214
1966	1447	1084	2453
1967	2761	2344	4189
1968	3247	3850	757
1969	1280	870	1471
1970	4408	3133	3789
1971	941	2967	2602
1972	360	859	1766
1973	3426	1651	84
1974	490	3542	2739
1975	3517	3833	2421
1976	381	768	660
1977	1047	1427	1885
1978	2385	39	826
1979	39	4652	3444
1980	4136	1034	1321
1981	2083	867	366
1982	1912	2741	1405
1983	3477	1884	1883
1984	607	2749	4446
1985	3940	1525	3035
1986	3712	1249	238
1987	2002	2156	1962
1988	3715	4192	1497
1989	4941	4292	653
1990	2824	3892	1946
1991	4642	497	3150
1992	2262	4647	3711
1993	2934	2904	1838
1994	4311	563	224
1995	4822	2043	998
1996	1510	494	1797
1997	404	2173	3511
1998	378	1668	4286
1999	2460	3912	4990
2000	4115	1620	571
2001	999	2165	3943
2002	3254	577	247
2003	3454	1547	2530
2004	4238	4834	3636
2005	4304	278	308
2006	252	2900	3595
2007	830	3857	3246
2008	794	1886	1403
2009	4767	4686	3720
2010	3492	4123	1429
2011	3541	1	4365
2012	2150	3822	2267
2013	1307	3018	2173
2014	1716	2483	4374
2015	2459	3514	4920
2016	4287	1107	161
2017	634	197	2737
2018	892	2385	3359
2019	1378	1989	3598
2020	502	1820	1027
2021	2652	1291	1865
2022	3307	1267	2866
2023	4360	106	1596
2024	4135	2449	3266
2025	4783	4618	2755
2026	1596	3802	1069
2027	1646	4786	90
2028	2304	2866	874
2029	4098	3294	2748
2030	4235	2893	3778
2031	2163	2960	1096
2032	2533	1712	854
2033	1722	4924	260
2034	2800	2208	2638
2035	163	518	1886
2036	4605	139	165
2037	3010	2218	420
2038	2203	1507	2820
2039	2278	3285	2085
2040	1849	4594	2322
2041	4903	2545	792
2042	3423	3201	4167
2043	4570	3683	3394
2044	4202	3815	1201
2045	642	2011	3471
2046	3878	3712	2718
2047	1348	1524	3022
2048	2359	2326	173
2049	4966	4051	102
2050	3655	2933	4753
2051	4120	1110	4473
2052	2231	3340	1104
2053	2370	362	39
2054	323	3421	2048
2055	1770	1819	1814
2056	2151	564	3410
2057	4703	203	4554
2058	4897	2696	367
2059	2591	693	4434
2060	2069	3011	1619
2061	3433	3849	496
2062	3749	750	921
2063	4329	2202	3887
2064	2158	4025	1359
2065	2753	4022	336
2066	4212	1185	461
2067	2666	1761	3113
2068	3220	3014	3879
2069	591	27	4596
2070	31	982	4154
2071	2914	3452	3929
2072	2040	2128	2788
2073	1155	2051	3174
2074	1382	4154	4469
2075	3815	4539	391
2076	1502	4284	3211
2077	2893	3755	2216
2078	3044	1573	382
2079	2831	3626	1352
2080	1273	2898	3802
2081	169	3678	3509
2082	593	1013	816
2083	4233	1641	4427
2084	2504	4056	4961
2085	4130	4831	1785
2086	2410	3257	1990
2087	2707	537	1150
2088	2905	3113	2548
2089	2138	3398	4474
2090	2891	270	3805
2091	3534	3246	1174
2092	4716	1806	2426
2093	4011	3291	2570
2094	782	2219	4353
2095	4672	2339	3963
2096	3204	3098	1972
2097	550	2337	1459
2098	42	4134	1057
2099	4586	4264	1176
2100	1559	4681	3308
2101	2085	1793	3141
2102	1585	3275	4092
2103	10	2995	2177
2104	368	4334	586
2105	3173	458	2526
2106	4812	4596	2690
2107	828	3737	2836
2108	3673	4850	1446
2109	691	1909	4696
2110	3567	558	4230
2111	3051	3903	578
2112	4706	1133	3745
2113	967	4293	62
2114	3996	4872	4461
2115	4977	4727	576
2116	1095	2952	1718
2117	4609	2003	278
2118	3287	3751	2593
2119	1840	3385	1858
2120	2191	1659	1327
2121	1553	2163	255
2122	2651	1784	2243
2123	3919	3167	4586
2124	4461	423	2117
2125	1807	4234	897
2126	1444	2905	1977
2127	1309	3696	410
2128	3978	16	4606
2129	503	313	3850
2130	3394	3010	2993
2131	3594	4552	3514
2132	3951	2772	4857
2133	1478	1740	1156
2134	4927	1484	1505
2135	4400	790	1171
2136	232	4082	2104
2137	964	3056	1304
2138	3690	4776	4484
2139	1640	2767	4829
2140	1771	992	59
2141	4486	326	133
2142	1702	2306	1460
2143	1351	4661	1736
2144	594	4214	2517
2145	1933	1354	3790
2146	2508	668	4952
2147	910	1345	4750
2148	3473	1048	434
2149	4460	3404	476
2150	2482	3716	1512
2151	3885	345	428
2152	3575	3362	4771
2153	3730	2996	857
2154	3339	169	2054
2155	2478	653	4912
2156	3443	1400	946
2157	850	3536	3234
2158	4357	1116	1238
2159	2474	2993	4422
2160	3149	1388	78
2161	2780	4112	735
2162	2563	373	2518
2163	1010	711	2875
2164	1821	981	2089
2165	3892	3380	3333
2166	226	3435	4597
2167	573	2235	3564
2168	3441	1397	4932
2169	1813	1956	1472
2170	1781	322	3049
2171	4412	2915	236
2172	781	4294	3495
2173	1446	4410	1245
2174	3158	4472	1108
2175	496	621	2968
2176	2635	1746	3332
2177	2351	735	186
2178	3350	1903	849
2179	3952	3252	3278
2180	3633	4060	3557
2181	737	1817	3772
2182	1445	1153	2494
2183	3278	1210	821
2184	798	3781	3345
2185	108	3758	3251
2186	4878	2378	2368
2187	3911	3200	1864
2188	1730	2943	1686
2189	1907	3715	288
2190	1532	959	1909
2191	868	2731	3020
2192	2646	923	4603
2193	2561	3430	796
2194	3859	4880	380
2195	435	408	2148
2196	329	514	4757
2197	2823	2618	2854
2198	3844	41	1905
2199	1639	1623	546
2200	4355	4887	4254
2201	4955	3577	2995
2202	3271	4153	1790
2203	776	4425	1993
2204	3309	722	620
2205	3114	521	1940
2206	4154	4120	2388
2207	30	3467	4218
2208	4314	4523	900
2209	1814	2239	2492
2210	2038	4986	361
2211	4627	3318	313
2212	444	1644	4303
2213	2917	886	1955
2214	3366	1858	1389
2215	4496	3431	1689
2216	856	643	452
2217	3602	2793	3600
2218	4584	3898	3230
2219	4219	549	3104
2220	1738	3096	3983
2221	3202	1558	4577
2222	1437	1245	4530
2223	1869	622	4575
2224	1846	69	1311
2225	655	4870	1401
2226	487	1745	3437
2227	4437	4225	4036
2228	1375	1778	1941
2229	4055	4869	1781
2230	1331	1515	2167
2231	4761	1135	4800
2232	1514	566	3360
2233	3096	1949	4691
2234	4733	438	3667
2235	1205	3914	3732
2236	2448	4301	121
2237	4791	571	1543
2238	410	4452	1802
2239	3371	4177	4680
2240	1270	2579	1263
2241	1931	4797	4987
2242	517	2473	2550
2243	2880	728	631
2244	3102	4849	4713
2245	4587	937	3970
2246	2013	2940	1529
2247	2909	587	3327
2248	4229	1874	4537
2249	3140	4816	386
2250	2011	3002	4958
2251	3511	892	4966
2252	1193	2815	4032
2253	2784	1176	1688
2254	1300	1722	4391
2255	1498	1372	3851
2256	1469	1141	2881
2257	1173	3601	543
2258	3402	271	1959
2259	2133	124	1868
2260	1285	2190	917
2261	1431	2041	4566
2262	4074	789	567
2263	541	738	537
2264	3145	1422	106
2265	1349	4133	2418
2266	481	4373	3935
2267	16	4712	3867
2268	4318	4094	1474
2269	827	1432	1624
2270	4942	958	3682
2271	3804	2220	2105
2272	4683	3551	3175
2273	4247	1393	4978
2274	1313	3208	3581
2275	3205	4928	4392
2276	4027	4184	2778
2277	4424	2243	574
2278	1737	4888	4807
2279	854	4131	882
2280	4174	3265	947
2281	3764	1381	2458
2282	2123	773	3733
2283	3787	3366	4782
2284	4880	1798	1017
2285	3303	3612	2639
2286	1318	567	971
2287	2414	2910	3286
2288	983	2556	1332
2289	1904	4542	3464
2290	2494	798	4472
2291	3035	799	4448
2292	3645	546	953
2293	38	991	2658
2294	3076	748	3017
2295	4577	3319	2090
2296	282	4701	2469
2297	4500	3283	2724
2298	3684	2795	593
2299	4827	481	82
2300	4653	4723	4773
2301	2763	4337	3938
2302	4885	762	1752
2303	4295	2086	4388
2304	3891	3064	859
2305	4139	4426	1275
2306	2886	4047	1135
2307	2179	4207	3304
2308	1882	1348	468
2309	4632	1920	4183
2310	3576	234	218
2311	1354	2786	2908
2312	1147	615	17
2313	3957	4218	2623
2314	2978	4290	769
2315	362	1913	532
2316	4704	1041	225
2317	147	351	2428
2318	506	3881	4214
2319	3089	704	1828
2320	4762	1094	3059
2321	2680	1498	3858
2322	4769	3225	4910
2323	2438	1635	4624
2324	388	3171	371
2325	4976	2751	729
2326	1535	3572	4403
2327	2944	4871	1328
2328	2284	4459	2025
2329	4218	3482	840
2330	1144	2314	28
2331	4422	4714	2856
2332	2783	2092	4037
2333	1637	3120	3894
2334	4957	3395	3002
2335	2190	3813	4587
2336	2239	756	3617
2337	322	4496	3940
2338	890	1950	3223
2339	2583	813	2505
2340	4844	4359	1209
2341	757	4511	3902
2342	3565	1996	3409
2343	314	3102	3310
2344	20	2079	2158
2345	586	1893	1964
2346	1182	1723	4302
2347	1267	1455	3863
2348	720	3507	1481
2349	2579	3506	267
2350	2333	1402	2093
2351	4307	1223	2298
2352	4339	2370	4565
2353	3716	2720	3079
2354	590	2109	1281
2355	4015	970	1550
2356	4387	3516	4418
2357	1389	291	3433
2358	2092	527	1866
2359	2479	2023	4421
2360	3826	4792	2410
2361	3334	2584	1643
2362	70	4960	2688
2363	2078	705	3563
2364	1224	1128	943
2365	3116	688	890
2366	3015	2485	4006
2367	4965	1796	2307
2368	1957	1040	2899
2369	3623	2083	1416
2370	2720	2835	2850
2371	1884	4522	3645
2372	28	3700	3972
2373	2719	2215	1612
2374	3172	2413	3831
2375	4599	2775	766
2376	1568	147	2751
2377	2552	679	2343
2378	3133	2923	289
2379	4035	3509	3507
2380	3229	3622	4689
2381	112	4561	731
2382	499	3579	4247
2383	4332	4980	3484
2384	262	3075	4020
2385	1118	155	3015
2386	4866	545	1765
2387	2329	579	27
2388	4456	2491	1129
2389	2027	1019	3756
2390	2711	3030	3811
2391	4377	2459	1595
2392	671	4303	4273
2393	2946	2670	1438
2394	4320	3358	2677
2395	3937	2010	3288
2396	897	1824	770
2397	1371	2625	4131
2398	4443	213	3597
2399	629	3330	736
2400	2064	2825	3497
2401	1655	2510	1852
2402	4205	964	153
2403	3258	1172	4442
2404	4446	2895	723
2405	1035	1189	1079
2406	3151	656	1919
2407	1524	1508	1040
2408	4018	2363	3722
2409	3548	3638	1749
2410	4581	3199	3698
2411	3739	2426	3914
2412	1198	1419	3221
2413	2532	1473	3157
2414	4447	2270	1798
2415	2517	2607	3312
2416	2434	4752	4763
2417	1856	2896	2808
2418	4883	670	2360
2419	2447	371	818
2420	743	2665	2023
2421	2480	156	479
2422	4656	3538	2042
2423	135	4279	4398
2424	2980	2475	2799
2425	3007	4247	1639
2426	1573	2057	2197
2427	1552	4347	3625
2428	4658	1803	1381
2429	2576	3151	2112
2430	3525	4955	2531
2431	4932	686	855
2432	1913	2479	1869
2433	2945	2102	4714
2434	87	4456	814
2435	2649	3979	4781
2436	4423	4262	2902
2437	2908	110	4572
2438	1924	3038	4074
2439	1755	3198	347
2440	1058	228	4685
2441	3829	752	3172
2442	1206	2381	4873
2443	248	500	3088
2444	273	99	4460
2445	2507	4002	1307
2446	3493	1313	2967
2447	4896	44	3404
2448	1916	201	944
2449	3122	2147	3986
2450	4815	3985	4886
2451	3538	4644	1495
2452	3865	4069	4557
2453	203	1934	168
2454	980	3717	650
2455	1176	4321	1343
2456	1522	2956	3499
2457	1508	2134	472
2458	4756	2403	2992
2459	429	881	4210
2460	4057	3512	1714
2461	4546	258	4389
2462	1019	4553	1960
2463	2513	352	2547
2464	2747	4968	3927
2465	4525	947	3978
2466	367	645	2844
2467	4473	4583	3092
2468	979	2643	3078
2469	1643	1140	388
2470	4625	678	3928
2471	3604	3918	2452
2472	272	1631	4513
2473	3062	3701	1621
2474	4782	4258	4976
2475	2866	1647	3737
2476	4682	1999	183
2477	391	4770	513
2478	4585	447	681
2479	4504	2981	3725
2480	3768	3379	1305
2481	2339	3230	2451
2482	4129	261	1530
2483	3292	127	66
2484	4259	1882	3426
2485	2187	3478	2274
2486	4189	3129	1666
2487	3256	3049	4892
2488	3448	1251	199
2489	2760	3662	1404
2490	2166	4972	2019
2491	1487	17	2375
2492	14	2489	3122
2493	2128	1074	2415
2494	3947	1984	3300
2495	3630	4187	2614
2496	4059	290	3461
2497	801	1963	433
2498	1402	1434	1003
2499	2427	259	2068
2500	1201	838	3309
2501	2465	1105	4989
2502	1935	248	968
2503	1183	3521	795
2504	3502	3048	4605
2505	1623	1222	1567
2506	1412	4237	2940
2507	3876	875	1535
2508	3729	3139	2129
2509	3555	2666	4476
2510	2378	1143	1826
2511	3694	1841	1517
2512	4493	413	1058
2513	3437	4251	3506
2514	4148	3668	4413
2515	4560	3255	3696
2516	4335	2819	2413
2517	4775	4848	1014
2518	1971	808	182
2519	2251	66	3357
2520	1800	212	656
2521	2861	1296	402
2522	4846	4188	904
2523	3846	860	4173
2524	3550	3553	880
2525	3021	3298	545
2526	2420	3799	2207
2527	2115	3287	3571
2528	718	4381	2468
2529	572	3239	2175
2530	4399	4141	1729
2531	2387	2830	1734
2532	392	3371	4004
2533	2953	2391	3717
2534	1717	53	3496
2535	833	1430	3447
2536	3146	2947	1047
2537	970	2655	3603
2538	4176	3890	2498
2539	1357	1788	1961
2540	3832	1115	4885
2541	4436	2766	4467
2542	4803	1721	4197
2543	2702	4527	3153
2544	4292	1516	2188
2545	777	2713	905
2546	3938	2433	3208
2547	4445	1781	535
2548	4006	22	3067
2549	2200	2444	4936
2550	4475	4577	2108
2551	121	3183	3965
2552	271	3794	339
2553	4195	4823	2363
2554	399	3339	3090
2555	3105	4156	1257
2556	1901	657	3039
2557	2845	229	443
2558	714	366	2328
2559	915	176	1018
2560	3516	3441	3151
2561	2624	2686	3631
2562	4698	2412	2522
2563	3059	3141	4716
2564	2079	4110	561
2565	2001	420	634
2566	3988	2183	4657
2567	380	1470	2045
2568	622	1856	4307
2569	1973	1405	1499
2570	1170	2453	4552
2571	331	310	3236
2572	2918	4568	3702
2573	3732	2457	4632
2574	231	85	2336
2575	547	2379	3697
2576	3547	2127	464
2577	2838	3334	1796
2578	3164	2950	2096
2579	1417	2745	2043
2580	4597	3219	4690
2581	3429	1156	937
2582	4250	2853	713
2583	3408	519	1845
2584	497	2309	1055
2585	4242	309	1364
2586	2615	4409	1787
2587	2793	329	1415
2588	4535	3242	1189
2589	3376	4245	1203
2590	4161	4827	3891
2591	4426	4853	1693
2592	4181	1331	3829
2593	4623	1162	1588
2594	3362	404	1516
2595	4751	3228	3832
2596	3515	2140	984
2597	1209	1502	2393
2598	2298	1592	1918
2599	130	2446	189
2600	3442	4513	266
2601	886	4975	2687
2602	1567	3003	575
2603	4474	2780	4866
2604	3494	3300	3982
2605	3704	298	4641
2606	2557	2492	1202
2607	1689	4004	4026
2608	1210	3046	342
2609	1706	2076	3477
2610	2663	3966	3392
2611	2492	1322	2460
2612	3088	4238	1114
2613	4930	3753	4656
2614	951	1890	1378
2615	43	2525	154
2616	2328	2193	3838
2617	1939	3980	3485
2618	2671	3412	841
2619	2807	3396	2801
2620	621	4270	4612
2621	3027	4344	4128
2622	4297	470	4336
2623	4333	1702	1594
2624	4494	1906	4404
2625	4798	4657	4407
2626	4804	1838	3222
2627	442	2427	1799
2628	1873	4164	2583
2629	2034	3226	2561
2630	4994	1050	1555
2631	1605	275	2497
2632	4971	1887	3132
2633	3836	3805	3995
2634	2199	2708	671
2635	4554	785	3743
2636	138	1859	4138
2637	3337	3858	3134
2638	3699	1250	2150
2639	4847	380	2228
2640	4673	4562	2590
2641	2425	1314	404
2642	2288	3664	2205
2643	1543	3209	3926
2644	600	2033	3355
2645	4428	15	2456
2646	1593	2014	439
2647	4298	772	498
2648	1624	2880	3518
2649	22	1561	2924
2650	674	3125	696
2651	2015	1384	3843
2652	11	1975	3753
2653	81	1014	2457
2654	2937	2969	2061
2655	1	1215	2348
2656	4137	3313	1650
2657	3800	2596	4888
2658	278	3671	3129
2659	1018	3477	226
2660	4612	3998	794
2661	1339	4915	129
2662	4730	2050	616
2663	403	671	2225
2664	2035	1361	555
2665	2977	1521	1930
2666	537	2179	1344
2667	4170	54	4704
2668	1951	1708	3276
2669	4865	2867	2055
2670	4536	1175	1921
2671	1793	405	3156
2672	1242	1161	1242
2673	539	4624	412
2674	4359	4191	1848
2675	4510	1079	4654
2676	1607	3588	4408
2677	2080	3176	4546
2678	464	661	605
2679	4356	2223	1368
2680	724	2988	2598
2681	2659	4567	2191
2682	3012	2591	2473
2683	3093	1009	2636
2684	2315	2114	4854
2685	4753	281	1904
2686	1369	4534	1903
2687	1123	4737	4705
2688	4766	4181	3792
2689	3375	185	2712
2690	2310	873	4874
2691	3649	35	1221
2692	2625	3635	2271
2693	1998	3594	4198
2694	1546	3273	2631
2695	448	1283	3784
2696	857	2599	3991
2697	4626	3231	4638
2698	912	936	3941
2699	2462	87	2172
2700	4245	1126	521
2701	592	120	490
2702	500	1688	3489
2703	3904	3760	4270
2704	2033	4739	1449
2705	2008	3611	1938
2706	1093	1902	4627
2707	4499	2911	1656
2708	2211	1660	607
2709	732	2269	1141
2710	2926	3193	1334
2711	3306	1681	1184
2712	3662	662	3314
2713	4628	4	3131
2714	3672	4266	2774
2715	796	286	4804
2716	4624	1506	2592
2717	1367	2359	4602
2718	2998	2807	4496
2719	4669	2528	2239
2720	4066	4559	2472
2721	4729	2547	914
2722	4906	1845	4929
2723	3144	2860	2284
2724	3786	4172	3736
2725	1211	3290	2083
2726	2297	2875	2811
2727	2596	1777	2849
2728	204	2953	2931
2729	3235	1425	4385
2730	1829	3800	3871
2731	3319	1968	4174
2732	4179	168	3695
2733	2637	512	4935
2734	1448	225	3985
2735	4740	703	1812
2736	3057	2707	4723
2737	244	1417	668
2738	4382	3363	4737
2739	3814	3921	49
2740	1436	354	2471
2741	186	4694	528
2742	1819	1080	3716
2743	1670	2030	1470
2744	2412	4524	4338
2745	2848	1549	819
2746	89	4605	4722
2747	3316	4254	2795
2748	838	3640	2901
2749	1979	3752	3760
2750	4010	4857	3644
2751	4013	1543	2601
2752	1007	1929	4758
2753	2882	472	1338
2754	3382	2452	2147
2755	4102	1980	1879
2756	3154	4088	710
2757	3468	2297	5
2758	1602	3791	4659
2759	4950	1863	2412
2760	1491	4533	1899
2761	64	1083	4158
2762	3302	4828	4835
2763	1302	4170	204
2764	2178	4959	1132
2765	3075	1136	2097
2766	839	1173	989
2767	1858	4399	3419
2768	1576	3186	24
2769	4884	2285	1097
2770	2441	1593	1083
2771	3215	594	964
2772	2766	2637	2407
2773	2307	3703	4884
2774	3422	1356	4755
2775	633	374	4241
2776	4845	787	30
2777	92	3039	4367
2778	4718	3236	1296
2779	4403	2929	3883
2780	2226	4101	2941
2781	3482	3074	2231
2782	4190	2788	2145
2783	4768	4166	1767
2784	2023	3783	2476
2785	2619	4921	4325
2786	694	4775	2230
2787	4745	706	4615
2788	4527	4606	3001
2789	2071	4003	2389
2790	692	4670	130
2791	3971	996	1272
2792	4962	2438	1501
2793	221	1842	157
2794	1458	4036	4514
2795	1017	3908	2725
2796	1578	194	915
2797	3632	2264	312
2798	4870	1398	4016
2799	263	182	176
2800	2990	299	80
2801	3285	2924	22
2802	369	4194	2747
2803	1022	3801	3030
2804	1697	1727	4185
2805	1868	1458	4724
2806	3435	3768	2647
2807	2070	1364	1913
2808	3606	1010	3119
2809	3353	1020	3273
2810	4121	821	3403
2811	3862	236	1143
2812	1727	716	2121
2813	3117	3613	2706
2814	1945	2431	259
2815	150	4519	2786
2816	4008	3743	277
2817	1056	4976	1316
2818	2640	2472	3828
2819	4833	1957	3358
2820	2099	34	4818
2821	4521	3684	4366
2822	948	2328	293
2823	2244	1026	1559
2824	1432	95	1623
2825	2514	2415	1091
2826	4378	4777	1632
2827	1618	1091	752
2828	2118	4163	1282
2829	4882	1684	334
2830	3834	685	4136
2831	3583	1533	870
2832	2391	4189	2423
2833	2464	2520	2643
2834	3212	3907	901
2835	2232	421	3478
2836	1959	2702	4617
2837	2943	2032	4875
2838	862	3357	234
2839	615	1621	2200
2840	4918	3865	4896
2841	2102	1891	1533
2842	3008	833	3560
2843	1836	3123	2871
2844	2961	2084	4160
2845	1468	2280	1095
2846	2678	3555	3694
2847	1162	3114	1013
2848	546	2212	3532
2849	976	2976	147
2850	1865	3355	3531
2851	2549	3777	1134
2852	4481	2192	376
2853	4371	4595	4882
2854	913	1605	3854
2855	2336	4040	3188
2856	939	1634	673
2857	2797	4336	3570
2858	4678	1923	2169
2859	2202	4212	934
2860	4110	4788	252
2861	3345	3733	1431
2862	3582	265	282
2863	473	3909	2704
2864	461	1885	2701
2865	439	687	3416
2866	2365	3958	169
2867	4080	1853	824
2868	3161	3831	1346
2869	4232	67	670
2870	4580	1505	263
2871	4046	663	2266
2872	247	853	3064
2873	1265	3623	2255
2874	2569	4215	978
2875	4936	1751	4069
2876	3855	1158	4610
2877	4964	1569	2763
2878	4638	4401	2697
2879	3223	2803	1031
2880	2834	632	1123
2881	2769	3936	2754
2882	3946	435	3313
2883	3349	4938	2976
2884	1693	4486	4358
2885	498	3067	3482
2886	3252	3210	1508
2887	1842	4152	3128
2888	1754	2955	906
2889	4330	3033	3178
2890	398	1334	3542
2891	1185	304	612
2892	1881	2844	2716
2893	3198	2959	3019
2894	3664	979	4665
2895	276	553	4576
2896	27	115	2263
2897	3496	3854	2313
2898	733	1262	540
2899	182	2341	1292
2900	946	3189	2777
2901	1174	962	2491
2902	4358	4235	3
2903	4720	1435	1295
2904	4544	1353	2174
2905	4125	3343	2735
2906	4429	2095	3817
2907	1638	3270	1789
2908	1719	1759	2276
2909	1482	136	3434
2910	2162	2254	3285
2911	2268	3599	1115
2912	4276	4854	237
2913	3304	63	558
2914	646	1534	4948
2915	3860	2288	1653
2916	1969	2234	4767
2917	3754	465	760
2918	250	4483	2715
2919	86	4613	2010
2920	4684	1416	2717
2921	446	4159	2312
2922	1062	3616	4231
2923	3462	3268	2796
2924	3372	4436	677
2925	402	1089	4898
2926	2463	2389	1237
2927	3869	4281	2586
2928	1713	4377	370
2929	3921	178	2564
2930	3848	1341	2206
2931	2075	1059	3381
2932	3282	3574	1835
2933	3178	1382	1442
2934	3566	4662	3337
2935	3528	2465	8
2936	4921	138	2352
2937	1874	945	4155
2938	1515	2763	4430
2939	2458	3537	3904
2940	3752	2549	4251
2941	1932	897	3107
2942	3895	4450	2855
2943	1031	2704	128
2944	2369	2325	4433
2945	54	2307	4186
2946	1048	1269	392
2947	1658	4059	3728
2948	4021	4253	2646
2949	3209	1320	1147
2950	2511	2167	659
2951	1494	603	21
2952	4479	2648	538
2953	3643	3464	2890
2954	2131	4658	3635
2955	3174	264	4618
2956	3200	1562	3814
2957	1521	4610	1577
2958	286	3497	2757
2959	1711	717	1444
2960	2897	2961	2853
2961	2515	3695	4542
2962	3949	4916	3432
2963	4522	132	397
2964	343	4481	145
2965	1030	561	3881
2966	257	535	4631
2967	3976	98	426
2968	715	409	1674
2969	4530	2558	3458
2970	2613	328	2288
2971	1286	1900	2746
2972	653	1475	3515
2973	365	1063	296
2974	916	149	1665
2975	3524	3667	3320
2976	4856	4007	1447
2977	3014	89	2353
2978	4517	160	1126
2979	1029	4782	2510
2980	1518	651	383
2981	2302	983	3448
2982	1158	974	4702
2983	294	901	4694
2984	1954	57	4479
2985	4152	180	4853
2986	3982	1442	1880
2987	598	4427	3835
2988	1742	4549	2299
2989	2094	2248	1581
2990	3678	431	423
2991	148	746	4377
2992	2973	349	1320
2993	3591	2587	2115
2994	789	526	4493
2995	345	3597	4468
2996	1406	400	1266
2997	3272	4759	3207
2998	841	4027	3436
2999	3999	145	2948
3000	3111	3846	3917
3001	1429	1637	3427
3002	780	586	4067
3003	2604	4820	3498
3004	2933	2945	785
3005	1122	1349	3198
3006	4338	3513	1945
3007	146	2852	254
3008	1672	541	4661
3009	142	1530	1846
3010	1964	4543	4766
3011	3705	1461	3586
3012	512	967	2729
3013	107	4837	789
3014	1995	2511	4323
3015	2350	978	2408
3016	2612	3460	3668
3017	4167	3119	4645
3018	2481	1663	3528
3019	4019	1529	87
3020	1249	4077	3291
3021	3237	1695	3085
3022	4671	2899	893
3023	3490	469	3796
3024	3778	4718	1757
3025	637	242	860
3026	4998	4142	2210
3027	1745	4477	4651
3028	1779	4516	1750
3029	4063	4907	46
3030	3479	2748	1133
3031	4881	4466	3398
3032	2839	4330	42
3033	125	4405	350
3034	1985	1111	3056
3035	4362	2636	4169
3036	558	857	4699
3037	3028	1363	2827
3038	73	3359	4276
3039	1668	4400	3909
3040	3924	544	4511
3041	1701	2447	2124
3042	3540	4387	4825
3043	3701	2228	2409
3044	4639	2186	2252
3045	2994	2859	2156
3046	2228	3365	853
3047	3888	1780	2099
3048	3816	3136	2946
3049	834	2932	1423
3050	1426	2567	4148
3051	971	2071	469
3052	4030	3556	92
3053	3197	4280	276
3054	3261	4068	3459
3055	1986	3661	3181
3056	2183	2682	4443
3057	1334	4367	2553
3058	2227	3324	2769
3059	536	2211	3589
3060	1116	2104	4439
3061	289	4764	73
3062	533	4840	1911
3063	3653	4586	2923
3064	3195	393	4980
3065	4163	4291	2107
3066	3934	801	3111
3067	1441	4311	3012
3068	4052	1813	2937
3069	3351	1000	2684
3070	1775	3694	4351
3071	2084	4673	4017
3072	1747	1113	4938
3073	2989	1108	2559
3074	4230	4903	834
3075	2032	2380	2556
3076	4602	2025	1970
3077	1766	3346	654
3078	4540	922	1610
3079	3535	932	2627
3080	899	342	2362
3081	1852	2536	2608
3082	3354	75	3665
3083	2710	1554	4314
3084	3386	1209	2392
3085	256	4505	3903
3086	2551	3690	4720
3087	806	4157	329
3088	484	1137	639
3089	2125	3875	3588
3090	2931	1986	4543
3091	1683	4431	4834
3092	2442	2949	2402
3093	2825	3081	2761
3094	3042	2290	4246
3095	4316	2164	3143
3096	3058	2879	2028
3097	1537	4346	1578
3098	993	4682	2013
3099	1376	4097	1768
3100	4899	523	738
3101	2979	4574	3663
3102	2311	1830	1302
3103	4956	82	1602
3104	1595	2864	2652
3105	4465	4765	1081
3106	3828	2498	1927
3107	1443	1075	3147
3108	1752	3091	1601
3109	3533	3793	3859
3110	3481	1293	1152
3111	4068	902	3018
3112	3526	3238	4201
3113	1601	2513	3783
3114	1404	2646	599
3115	1256	1271	2683
3116	494	4896	362
3117	2527	1315	2969
3118	4458	1486	3572
3119	337	2916	703
3120	2919	1596	4772
3121	4538	1404	2018
3122	4793	1280	4193
3123	4038	4951	931
3124	3927	1875	4872
3125	1741	4160	1924
3126	4199	3286	74
3127	4376	2152	227
3128	338	1994	995
3129	245	1241	3703
3130	3109	2508	233
3131	4491	1066	2296
3132	1649	2028	215
3133	1453	476	2732
3134	3942	3368	219
3135	3753	2613	2810
3136	2844	3072	4234
3137	1688	134	1641
3138	4090	2436	3907
3139	2253	3870	1087
3140	299	3469	933
3141	2210	3798	2119
3142	397	1698	241
3143	1892	1889	2797
3144	3333	428	4561
3145	453	1246	610
3146	1542	2684	1162
3147	201	3692	1966
3148	2394	2276	3472
3149	382	1117	1298
3150	2386	2794	527
3151	1132	1720	1592
3152	1974	3840	712
3153	4342	4286	4784
3154	814	4564	4002
3155	3801	1535	1710
3156	2745	3811	1128
3157	2198	3906	863
3158	3003	1373	1821
3159	4153	4591	2934
3160	2174	1640	3820
3161	3097	4071	2071
3162	2207	2697	1046
3163	3935	627	3540
3164	1682	4012	1498
3165	2392	3819	2448
3166	1196	4927	2980
3167	1281	3826	1854
3168	3499	2117	4383
3169	3253	4690	1673
3170	3812	1509	1985
3171	2575	4276	3764
3172	1361	6	3757
3173	902	4186	4363
3174	4213	2771	1591
3175	3267	1812	3365
3176	1902	3043	1125
3177	4723	4933	4531
3178	4141	4045	446
3179	2289	2406	3201
3180	4082	3392	1406
3181	4138	330	3755
3182	2729	3807	2027
3183	2426	1546	548
3184	3100	464	3192
3185	196	2090	2695
3186	211	126	2137
3187	1480	4855	4644
3188	1787	1129	1735
3189	4379	2526	53
3190	4350	3317	4489
3191	4442	164	395
3192	1473	4376	4278
3193	467	2750	3177
3194	2275	2042	4669
3195	2509	1294	1437
3196	955	3532	2841
3197	3171	4781	2190
3198	4619	3706	1943
3199	4273	3838	3533
3200	2705	4370	833
3201	4416	4066	550
3202	4301	2685	1170
3203	504	4793	3573
3204	4081	3092	4570
3205	4929	1450	2952
3206	3107	700	1375
3207	234	927	3801
3208	2407	436	4053
3209	19	1242	4300
3210	1923	3965	951
3211	2488	3107	4950
3212	2433	1960	2244
3213	847	3041	2268
3214	4078	4962	2100
3215	50	4038	3825
3216	430	4548	1354
3217	2811	4229	2403
3218	2876	4722	2300
3219	100	2698	4415
3220	1213	3277	1279
3221	2294	4259	1974
3222	3757	696	4507
3223	4267	2597	1914
3224	4973	4812	1214
3225	4901	854	1361
3226	1838	2474	317
3227	4999	450	1121
3228	4392	1792	4706
3229	2120	4883	77
3230	3183	2429	456
3231	4155	4710	709
3232	3858	2979	2790
3233	2898	4049	1443
3234	326	3676	2398
3235	3157	1029	4593
3236	1696	33	2587
3237	4263	2311	1574
3238	3987	4572	1917
3239	1403	327	4931
3240	4539	1311	4103
3241	2496	1234	4861
3242	1289	3342	3126
3243	2682	3297	373
3244	1830	2022	2463
3245	1806	4034	1611
3246	2828	4642	2265
3247	532	4715	3024
3248	3640	4941	4272
3249	4334	4949	1336
3250	4895	2544	2292
3251	2236	1265	580
3252	1004	4886	3630
3253	2822	894	864
3254	4071	547	3685
3255	3213	215	4682
3256	1917	4422	4372
3257	4741	1504	714
3258	1347	3962	3673
3259	2346	4726	4316
3260	177	1072	3676
3261	4858	2502	3367
3262	1278	2351	1280
3263	1332	4699	1457
3264	2006	4340	2193
3265	3384	1194	608
3266	4280	1523	1526
3267	1823	1186	4283
3268	3665	646	4455
3269	1667	4512	2046
3270	1809	4576	4093
3271	2121	2295	1779
3272	2971	3456	4077
3273	914	11	903
3274	2520	1654	3439
3275	712	2891	2079
3276	427	396	4506
3277	4363	3172	4951
3278	3331	5	2159
3279	2787	1958	143
3280	3343	416	2003
3281	987	4811	2996
3282	1165	4643	3336
3283	4457	3170	2379
3284	609	3988	2528
3285	1418	2034	1746
3286	2667	25	3889
3287	254	2968	98
3288	275	1666	3730
3289	2159	4863	1388
3290	4175	1517	2187
3291	4441	2858	3865
3292	942	3714	3951
3293	143	3109	198
3294	3126	2975	3289
3295	3069	4484	637
3296	848	2448	1035
3297	4022	3604	3804
3298	2655	2124	4604
3299	394	2966	3739
3300	1184	920	1072
3301	1684	3420	1341
3302	4419	4841	2622
3303	2706	3437	4765
3304	3255	1479	4149
3305	2396	3634	4143
3306	1001	414	4518
3307	1572	805	1932
3308	2383	669	2666
3309	959	3190	2613
3310	1383	1333	430
3311	2976	583	1894
3312	328	4358	924
3313	1472	815	3705
3314	660	219	1220
3315	4839	2718	414
3316	2616	3736	2524
3317	2028	4391	3159
3318	2249	1873	4534
3319	3641	1749	2741
3320	3634	1541	2963
3321	516	48	171
3322	2250	4267	441
3323	3627	3373	1973
3324	2081	1120	1965
3325	4908	3	1395
3326	4801	3879	2480
3327	1410	192	2917
3328	4413	2971	463
3329	3324	520	4459
3330	1743	2566	4623
3331	111	3375	2404
3332	3910	552	2621
3333	127	1340	881
3334	4223	1703	3610
3335	4853	403	3376
3336	3323	356	3933
3337	581	1661	812
3338	4547	3502	983
3339	1940	4454	4393
3340	3629	3882	3979
3341	1941	2395	1070
3342	3669	4573	1476
3343	4749	128	4488
3344	1072	2871	1889
3345	4300	2088	398
3346	311	3063	2958
3347	2167	1970	4844
3348	3190	86	4215
3349	4727	4805	482
3350	2960	4380	3799
3351	1101	473	3243
3352	2836	424	4236
3353	361	4897	2659
3354	1405	522	2508
3355	4281	3989	3612
3356	1525	30	279
3357	1751	1001	3245
3358	3722	4350	507
3359	1438	2902	3048
3360	2986	1823	2942
3361	4558	4415	2287
3362	1827	446	2516
3363	141	3185	2534
3364	4841	565	3962
3365	2851	1098	1007
3366	4592	4231	3974
3367	2467	3073	619
3368	656	384	1500
3369	1845	2632	3864
3370	52	1814	1022
3371	3552	3131	3060
3372	1061	18	1860
3373	225	3489	3334
3374	2423	2312	1030
3375	3060	317	1534
3376	34	1851	2394
3377	76	3529	4785
3378	1026	3445	4223
3379	3011	1424	3566
3380	1493	2810	4969
3381	3162	625	1168
3382	386	732	3905
3383	2949	3945	2395
3384	954	1570	1761
3385	1488	1159	4703
3386	1867	1447	3766
3387	493	3479	2549
3388	672	402	4048
3389	1555	2440	445
3390	2531	2519	1658
3391	4449	1233	530
3392	638	2056	1365
3393	3995	3117	747
3394	2683	4817	950
3395	960	3834	2733
3396	3736	2739	1551
3397	237	3322	3282
3398	2061	4385	285
3399	3808	4544	3870
3400	4306	3609	4998
3401	3796	3968	807
3402	1656	2493	1720
3403	443	871	1309
3404	2999	2354	1064
3405	1279	3029	589
3406	1710	3992	4219
3407	2335	542	2437
3408	582	2656	1923
3409	267	840	2323
3410	1632	3608	1380
3411	2673	4856	4562
3412	4294	1832	4208
3413	3824	2054	323
3414	2740	1052	3856
3415	2360	2442	3080
3416	1181	1578	3693
3417	3276	715	69
3418	1878	359	4275
3419	3398	4794	4856
3420	1538	3680	3619
3421	4986	1924	2577
3422	2489	3328	1597
3423	4555	2543	4044
3424	4109	4300	3399
3425	3765	4026	716
3426	2065	4338	187
3427	59	3766	4801
3428	1191	3764	3944
3429	1153	3648	4376
3430	1740	2082	699
3431	2193	385	3818
3432	1111	2200	2120
3433	370	2277	4792
3434	3689	1078	3171
3435	2005	184	2203
3436	3113	4535	4740
3437	1665	4680	1195
3438	2885	283	3315
3439	2521	631	1412
3440	341	4437	4330
3441	1547	200	2411
3442	266	3461	1103
3443	1272	429	4205
3444	2662	648	1562
3445	3711	4014	4634
3446	102	4075	3969
3447	619	4009	2186
3448	4715	1436	2434
3449	3330	2799	3553
3450	2450	1544	4667
3451	2902	998	511
3452	469	2789	2047
3453	4829	1407	922
3454	3147	2804	3958
3455	3046	3341	4291
3456	4017	3884	67
3457	3344	568	675
3458	4871	689	669
3459	1386	1773	871
3460	4288	2224	4135
3461	2929	4688	1907
3462	1060	2676	1956
3463	249	3842	2427
3464	3476	1456	3793
3465	1359	4442	1793
3466	3128	727	2698
3467	2621	1095	3842
3468	2762	2420	2466
3469	411	419	1339
3470	1734	4319	4751
3471	4765	1833	2999
3472	291	1323	4595
3473	1106	3817	3591
3474	4781	619	3212
3475	1897	2206	1489
3476	4031	2384	570
3477	2216	1693	4590
3478	1094	3851	4921
3479	3262	4220	2641
3480	758	3130	2058
3481	3168	2331	4085
3482	4787	4879	2616
3483	1036	1273	158
3484	1391	355	4249
3485	3388	4632	458
3486	4818	765	4310
3487	1032	4092	3250
3488	1229	4729	4868
3489	3404	1748	649
3490	1818	4114	1467
3491	200	2481	71
3492	300	796	3292
3493	4823	2931	3219
3494	3305	4037	2162
3495	2312	4754	2707
3496	4003	3583	4908
3497	3827	3864	4052
3498	2641	2842	1038
3499	2716	2199	758
3500	109	4147	1410
3501	2775	3143	1967
3502	577	1127	1387
3503	4124	4125	3155
3504	3683	2407	1051
3505	480	1138	2374
3506	4040	83	3490
3507	3750	1104	3162
3508	1541	1942	299
3509	4814	4028	831
3510	2816	3138	1244
3511	325	3111	2192
3512	2676	2154	2758
3513	2444	3044	55
3514	2731	4803	3269
3515	2767	2535	1485
3516	3825	1992	3860
3517	1440	2318	1273
3518	1075	320	3189
3519	2252	2194	311
3520	2815	289	2657
3521	3056	3982	566
3522	336	794	3224
3523	2997	488	4023
3524	4519	1804	1130
3525	1102	1042	2791
3526	4800	3348	704
3527	3902	4044	2160
3528	191	1548	1942
3529	2018	4368	1937
3530	1465	4474	3980
3531	4659	4506	4039
3532	1352	4076	767
3533	626	1935	4981
3534	3474	462	685
3535	3813	1371	722
3536	4805	1061	952
3537	918	4171	1521
3538	1027	3876	3396
3539	2421	4096	3408
3540	818	353	3762
3541	2051	2355	1648
3542	3022	233	467
3543	4203	3711	1626
3544	1587	1261	160
3545	2446	3148	3924
3546	610	3573	3622
3547	4105	1390	2344
3548	1690	2120	136
3549	4144	4580	693
3550	4346	4473	557
3551	348	3792	4019
3552	166	3845	3735
3553	3513	4768	1605
3554	2358	1665	655
3555	1666	1995	2037
3556	2264	3976	3989
3557	2744	4625	4072
3558	2256	4063	2029
3559	1847	1191	2619
3560	3297	4278	1542
3561	4695	3501	4355
3562	1645	2994	4867
3563	865	4808	2213
3564	2300	260	1484
3565	874	1203	4626
3566	1146	4919	2730
3567	969	1553	1579
3568	1782	333	357
3569	508	2557	725
3570	1708	4115	701
3571	4239	3331	192
3572	2741	295	2667
3573	4043	3925	1419
3574	4414	157	1541
3575	1789	3500	3527
3576	3338	1330	4999
3577	1831	2027	4471
3578	1942	4790	741
3579	2529	45	3687
3580	2107	3350	4005
3581	1395	516	4001
3582	474	2757	630
3583	3495	942	3430
3584	1778	2350	4894
3585	3709	2840	10
3586	2132	4609	3297
3587	347	3244	885
3588	4075	47	4715
3589	4533	4763	33
3590	2476	4306	3836
3591	4269	1563	2551
3592	3019	1763	4390
3593	1241	3121	2519
3594	4821	4502	4674
3595	255	3163	1989
3596	1131	1922	314
3597	451	1794	4031
3598	1889	3930	773
3599	3040	4696	3721
3600	4113	1413	1751
3601	3857	1771	385
3602	3975	361	1409
3603	3728	3926	3601
3604	4252	1835	3543
3605	3992	3335	4260
3606	4172	757	2696
3607	3245	28	1067
3608	887	2550	1329
3609	2247	4517	4207
3610	2526	2155	4049
3611	2077	3950	1957
3612	1517	1099	657
3613	2171	2890	830
3614	2238	4612	1172
3615	2590	4129	1804
3616	1695	3763	4832
3617	4997	111	892
3618	3043	1096	2358
3619	4041	2388	4660
3620	1630	2115	2180
3621	875	807	4649
3622	2354	4050	2283
3623	1238	2592	3713
3624	4734	4073	4559
3625	3609	1214	3971
3626	2988	2605	2440
3627	1076	2222	2864
3628	4825	511	4086
3629	923	3137	2128
3630	4840	1878	3718
3631	4323	1747	3120
3632	3651	3515	449
3633	4893	1775	718
3634	797	4620	4881
3635	1675	3057	4526
3636	416	266	1950
3637	4101	4019	205
3638	229	2548	4917
3639	2318	754	2016
3640	472	4674	4297
3641	4680	4987	3712
3642	2196	3173	1218
3643	1110	257	2195
3644	2209	4780	1039
3645	4268	2856	1288
3646	4312	49	364
3647	2906	4369	1983
3648	420	1725	4967
3649	4754	4716	1566
3650	4888	4485	3977
3651	4198	4495	3691
3652	116	4958	1060
3653	4132	4579	4957
3654	1788	1421	2767
3655	3327	3308	1709
3656	4663	1444	2692
3657	2647	4032	2078
3658	750	2116	2125
3659	238	2622	379
3660	3635	953	4599
3661	2875	3705	1824
3662	387	1196	918
3663	4373	555	2459
3664	1384	1626	1440
3665	1811	2013	3517
3666	1387	1449	1861
3667	2173	2515	3738
3668	3397	1490	4187
3669	4601	4914	2064
3670	1955	4603	297
3671	2578	1539	3247
3672	2134	4015	3678
3673	2863	1317	536
3674	423	1446	497
3675	3118	186	4585
3676	3365	91	140
3677	4178	482	3750
3678	4261	3552	1893
3679	846	841	4583
3680	578	4943	1892
3681	2136	2180	1803
3682	1705	2144	3405
3683	2519	1012	3596
3684	2149	3871	1971
3685	332	554	229
3686	77	3059	3555
3687	3536	3967	4238
3688	860	3948	4803
3689	654	4864	3534
3690	1466	2939	1772
3691	187	2680	1092
3692	4792	1560	258
3693	339	620	2584
3694	3887	3721	4839
3695	1380	4206	1538
3696	1219	4687	744
3697	4034	4356	2131
3698	4352	2906	408
3699	357	569	3191
3700	2812	2936	1753
3701	2586	3353	1525
3702	3691	1575	473
3703	2112	2687	4983
3704	2124	2812	808
3705	2047	4804	500
3706	1068	4335	4833
3707	4556	3874	3906
3708	1619	2300	18
3709	535	1466	221
3710	4253	2855	1265
3711	1570	1694	4240
3712	636	4445	2569
3713	2337	23	3690
3714	2580	612	2975
3715	919	4634	2202
3716	3263	3708	3263
3717	159	1007	4614
3718	1644	2562	2475
3719	995	1492	1870
3720	53	2675	1682
3721	631	172	1259
3722	4969	179	4379
3723	2755	1035	3386
3724	3922	2260	771
3725	4440	4246	1786
3726	4489	2035	1928
3727	1718	3977	1337
3728	3863	2921	4997
3729	1323	1685	349
3730	3519	1961	93
3731	945	2494	203
3732	4614	3707	3530
3733	3900	4889	3229
3734	1195	188	274
3735	3475	2480	3400
3736	4894	1392	1235
3737	4905	1939	447
3738	4396	2604	112
3739	1212	1606	3899
3740	4345	708	941
3741	4515	2187	1310
3742	4598	1495	440
3743	161	3835	3233
3744	4849	395	1874
3745	1760	3747	581
3746	4060	1342	2785
3747	233	1018	100
3748	3445	7	2165
3749	972	4751	4954
3750	1977	720	2768
3751	188	635	2650
3752	261	3665	4571
3753	2019	1366	2485
3754	3488	2913	4111
3755	2632	3725	4445
3756	2104	4664	582
3757	760	2589	1448
3758	2321	1441	4293
3759	968	3498	315
3760	197	903	2247
3761	3487	1772	180
3762	4900	2317	3130
3763	2286	4813	2030
3764	2357	2963	3664
3765	3568	4937	4152
3766	571	4684	4344
3767	3464	2055	539
3768	3680	2462	3649
3769	3562	4382	4043
3770	4779	3605	1884
3771	3648	1383	4636
3772	1274	263	889
3773	1294	2052	4343
3774	734	1030	515
3775	731	1672	1227
3776	4862	1418	1649
3777	3771	448	1777
3778	1617	2560	3765
3779	4985	3034	2743
3780	2759	175	322
3781	335	1006	256
3782	3833	1551	1391
3783	2381	1783	601
3784	4654	2074	178
3785	4934	2091	1810
3786	2574	3001	2893
3787	4912	4833	2181
3788	3504	1855	3440
3789	513	3901	4901
3790	4748	2615	1306
3791	4665	1329	2847
3792	321	2103	2157
3793	1208	714	2694
3794	3782	14	2663
3795	1627	525	1034
3796	1707	4646	1676
3797	1023	4046	1056
3798	3659	1375	3808
3799	3270	4001	4308
3800	618	406	988
3801	1172	65	4668
3802	4784	3250	3798
3803	635	951	359
3804	1013	2723	3005
3805	4310	3530	2671
3806	2082	869	4122
3807	4532	839	3006
3808	3425	1198	2258
3809	2272	140	1847
3810	3761	3670	248
3811	894	118	2545
3812	475	3369	2813
3813	4142	4407	1979
3814	4923	1122	3754
3815	612	2941	1053
3816	2205	3347	3771
3817	2636	3829	4830
3818	2330	691	1213
3819	4024	1707	2779
3820	3045	2299	2149
3821	4092	876	590
3822	2691	2108	3077
3823	3779	3005	2632
3824	3486	2221	1614
3825	4289	2100	1297
3826	3970	806	320
3827	1721	1987	847
3828	1911	1931	2892
3829	4826	2695	928
3830	4248	2654	3954
3831	3733	1344	2051
3832	2617	742	4226
3833	3530	2817	4548
3834	878	629	1473
3835	2325	3900	4482
3836	4816	4176	110
3837	4553	3632	3407
3838	1634	630	1196
3839	3274	1237	1078
3840	258	856	374
3841	320	1038	1697
3842	3810	4636	3960
3843	4889	1163	2535
3844	114	3995	1842
3845	3819	4469	209
3846	1476	1437	726
3847	400	4343	2245
3848	662	3728	1105
3849	863	4730	4124
3850	1673	1056	316
3851	1149	3645	3375
3852	2639	760	4732
3853	4972	810	2807
3854	843	849	4721
3855	1763	4398	549
3856	4317	2575	525
3857	3708	1060	2557
3858	749	3759	4327
3859	2598	2521	2962
3860	2004	2171	1120
3861	1976	848	3709
3862	3329	1861	4022
3863	4607	365	1999
3864	3681	382	4648
3865	1504	3243	1169
3866	3134	3414	3925
3867	744	1947	1782
3868	2050	4248	1490
3869	1575	4109	2455
3870	4650	1827	2731
3871	2907	2162	3634
3872	4290	2742	286
3873	3966	1972	1088
3874	3674	3429	4464
3875	1801	642	3050
3876	1081	3440	1398
3877	4216	2322	3165
3878	3881	783	1326
3879	41	2161	4965
3880	132	3927	4759
3881	3509	2593	3040
3882	1194	1017	3968
3883	1128	2301	4428
3884	324	2340	4509
3885	3098	3550	4793
3886	3908	2606	2673
3887	3631	3639	614
3888	2057	4899	4109
3889	871	325	4791
3890	4886	116	3830
3891	2927	1218	85
3892	3912	3827	4369
3893	3692	3972	1002
3894	3175	3413	1268
3895	2925	2195	3641
3896	3451	2983	4991
3897	145	4898	2805
3898	4123	3922	3628
3899	4432	1774	3920
3900	3906	3191	162
3901	2644	3310	242
3902	1104	3682	1342
3903	4096	4597	4752
3904	305	2573	4529
3905	1246	3080	3724
3906	3923	238	1583
3907	1042	2626	126
3908	3989	3518	1822
3909	1582	2259	2098
3910	1594	610	4790
3911	4691	2411	2973
3912	4875	3154	3025
3913	3427	531	3994
3914	2213	3447	3218
3915	1416	4148	50
3916	2105	1945	4491
3917	575	4414	416
3918	4468	4628	894
3919	2942	4322	1158
3920	4217	2809	2625
3921	4278	1316	2373
3922	1156	1044	2597
3923	625	3987	4477
3924	408	4355	4545
3925	1316	4557	4064
3926	1653	4493	1155
3927	4224	4918	4520
3928	2208	4997	4860
3929	2362	2346	1743
3930	374	1733	2566
3931	312	3557	1043
3932	4100	3071	1075
3933	665	2574	3886
3934	2983	2517	3190
3935	4621	4988	348
3936	4296	3544	2982
3937	2340	4023	4776
3938	3755	2862	4140
3939	242	2097	6
3940	1720	2063	3101
3941	2225	4462	4808
3942	3367	2125	2447
3943	3805	55	3272
3944	4498	3060	1418
3945	3882	2467	4145
3946	518	3519	1590
3947	1732	3607	3000
3948	3835	2728	1669
3949	936	4449	851
3950	1483	3307	1269
3951	1844	938	3561
3952	2135	2184	2544
3953	1292	2279	3325
3954	4313	529	3727
3955	3226	425	635
3956	3806	502	954
3957	1457	1914	2325
3958	1245	1395	3466
3959	3328	949	3812
3960	1088	1519	2719
3961	4271	3386	1934
3962	1659	4139	2330
3963	4568	2801	2478
3964	2984	135	4227
3965	3419	556	3797
3966	3979	2743	2957
3967	2343	2782	2869
3968	1207	347	2759
3969	4111	3789	2311
3970	243	398	4118
3971	4646	1494	492
3972	4579	1301	4728
3973	3449	3424	927
3974	1304	3354	305
3975	4159	1622	4650
3976	1073	1178	3301
3977	858	2984	65
3978	1425	528	1331
3979	2857	4201	3435
3980	2654	658	4955
3981	2497	1545	2005
3982	3930	3251	3076
3983	396	93	3204
3984	351	1043	360
3985	4173	4685	4156
3986	2352	1910	4378
3987	4777	935	4209
3988	2614	1779	2916
3989	3104	1713	4609
3990	803	90	474
3991	1344	4796	2702
3992	2757	1401	3961
3993	765	4000	1029
3994	4647	1146	4982
3995	4925	3240	2961
3996	2901	427	611
3997	4567	803	2846
3998	4319	4443	2662
3999	3503	682	3256
4000	4283	2964	4893
4001	4992	2978	3937
4002	4806	4309	3137
4003	4186	2077	3028
4004	4309	2371	1687
4005	3155	2400	3081
4006	4331	29	3569
4007	2653	2609	4581
4008	3206	2608	1183
4009	817	4121	1009
4010	4681	3086	3041
4011	3052	1259	1312
4012	277	3745	2629
4013	3336	4102	3787
4014	4368	4910	2956
4015	4699	3748	341
4016	2657	4379	2321
4017	3500	4621	3307
4018	3360	4447	2920
4019	3713	412	3102
4020	2736	434	4637
4021	984	1076	1217
4022	3418	1697	4500
4023	3268	4438	1604
4024	2466	3567	245
4025	3246	4084	4318
4026	4097	4772	2604
4027	2455	725	1549
4028	3877	3614	470
4029	3064	2394	1077
4030	1409	4551	3252
4031	4451	4738	898
4032	3191	1351	4359
4033	1918	3617	3604
4034	2475	273	1618
4035	175	980	2464
4036	2430	1053	727
4037	216	2478	4478
4038	2156	1767	2282
4039	3913	308	3220
4040	2618	769	1704
4041	1723	4865	481
4042	4721	888	2290
4043	1108	4819	3265
4044	2922	4905	1593
4045	4736	88	31
4046	2024	1567	253
4047	1082	2070	689
4048	709	736	3913
4049	3624	2645	721
4050	1299	3115	2499
4051	457	4858	1818
4052	523	1226	3541
4053	1164	2925	167
4054	4759	4117	3187
4055	2408	825	2062
4056	4321	4185	1996
4057	1015	925	3457
4058	2098	2714	1276
4059	1335	4255	1411
4060	2796	4035	1717
4061	2436	4607	4826
4062	4836	4062	40
4063	488	4086	1249
4064	327	64	1015
4065	996	2265	4354
4066	3352	692	887
4067	3628	239	686
4068	3207	2119	3715
4069	684	1480	3343
4070	2364	3425	1032
4071	3459	2451	2649
4072	1657	38	3264
4073	131	2928	4876
4074	2849	146	1692
4075	551	4929	4458
4076	799	1847	4878
4077	1034	1200	4435
4078	4613	1566	2377
4079	4083	2555	4985
4080	4099	3837	4629
4081	3373	1754	2
4082	3214	1166	510
4083	3029	3547	4930
4084	1350	2694	2595
4085	106	2111	4299
4086	956	1065	3133
4087	645	2703	4332
4088	908	4608	2723
4089	3514	2130	2424
4090	4243	3090	1806
4091	2996	2106	724
4092	4876	1047	865
4093	1767	3971	3083
4094	4747	3433	4745
4095	2739	2958	2927
4096	1927	3905	2386
4097	4913	3019	1586
4098	1615	659	4170
4099	352	4371	116
4100	4118	1295	4245
4101	772	1119	3834
4102	2419	1255	3626
4103	991	452	1241
4104	3244	375	4315
4105	821	4894	4465
4106	929	2894	480
4107	3896	961	1741
4108	2764	3403	4652
4109	961	78	3923
4110	2962	3564	4683
4111	3710	1357	502
4112	460	4989	4078
4113	958	837	2828
4114	2967	1870	720
4115	3393	1394	326
4116	2363	3704	3993
4117	2818	3147	4134
4118	1276	1825	345
4119	1481	1927	3544
4120	4222	4593	1010
4121	4272	3279	2349
4122	449	4440	3284
4123	2221	3381	3253
4124	2723	1350	1546
4125	543	1636	4075
4126	2854	284	4549
4127	2689	3108	825
4128	25	3024	1036
4129	2087	2160	2002
4130	1772	2145	3853
4131	2109	3636	920
4132	3332	4818	3051
4133	4231	2935	1109
4134	2777	3920	2208
4135	1392	3101	648
4136	3619	2542	3487
4137	4738	2261	4863
4138	4674	3490	3821
4139	4898	3625	4747
4140	696	684	4837
4141	1044	4884	621
4142	2688	241	4639
4143	2007	1499	1576
4144	1928	2281	120
4145	479	1289	1111
4146	1509	2564	4729
4147	4631	3197	4558
4148	2039	4810	2482
4149	1551	2658	594
4150	1826	4825	1920
4151	23	4697	2965
4152	2789	2651	1073
4153	3590	2602	4466
4154	2044	2838	4607
4155	756	616	4979
4156	4608	4471	3868
4157	319	2009	4144
4158	3216	1489	3068
4159	3364	1276	2033
4160	3260	3698	3105
4161	318	3619	1066
4162	3225	3459	4970
4163	3697	3821	4194
4164	4020	2582	2915
4165	820	1624	4426
4166	701	4250	2152
4167	60	989	1608
4168	994	2833	4007
4169	583	3895	64
4170	4773	3545	2637
4171	1346	3600	4380
4172	209	2514	4024
4173	1258	4402	1831
4174	2338	4631	1048
4175	3066	3862	399
4176	1420	2889	544
4177	2704	950	1952
4178	1608	4826	2817
4179	441	3274	3653
4180	1163	3309	4859
4181	3851	1576	572
4182	4951	1952	3794
4183	3189	4978	2449
4184	2701	3302	1679
4185	719	3610	2305
4186	310	3192	1775
4187	4364	117	2720
4188	3879	2518	4009
4189	1040	1850	1181
4190	1561	1608	730
4191	4679	4590	3529
4192	3322	3697	3897
4193	364	4659	4718
4194	115	1088	3892
4195	3830	1877	1716
4196	802	895	4883
4197	1379	3880	356
4198	2273	277	1399
4199	681	3495	2563
4200	2782	2965	2635
4201	2154	2316	3670
4202	1012	3533	2076
4203	791	3337	1553
4204	2679	1807	4847
4205	3039	2683	2110
4206	4009	3659	4347
4207	4351	4232	3349
4208	1890	1227	3593
4209	2185	2781	3774
4210	1366	2275	3930
4211	3928	1658	1839
4212	2774	1564	486
4213	57	1785	1000
4214	3091	3400	508
4215	2512	491	3463
4216	1621	1244	4267
4217	2622	52	4953
4218	1960	1485	4686
4219	1398	1943	377
4220	2572	2072	79
4221	415	4950	2814
4222	2703	3825	986
4223	1168	4388	2194
4224	4126	4891	4132
4225	620	4118	2932
4226	3554	633	3338
4227	3984	1769	1200
4228	3613	2669	3806
4229	4384	3546	1678
4230	1841	1039	298
4231	3259	4108	4192
4232	1963	3893	4195
4233	3211	639	2567
4234	4131	4676	1871
4235	218	3188	3103
4236	3916	928	923
4237	2802	3812	1664
4238	1433	1306	4663
4239	2555	296	3356
4240	3299	451	748
4241	667	4616	1383
4242	935	1770	3045
4243	2609	4182	389
4244	2643	2583	3503
4245	1946	3480	4895
4246	3822	3116	1702
4247	3588	76	4924
4248	4652	2942	265
4249	1130	1379	1001
4250	2820	360	910
4251	4464	2024	658
4252	2722	1168	4594
4253	390	4124	4788
4254	4872	4219	4481
4255	2788	2358	1005
4256	1886	207	4816
4257	2101	3702	2249
4258	3954	560	4828
4259	4328	2585	2874
4260	4928	2758	3770
4261	3686	834	1250
4262	4476	641	4294
4263	1765	4546	2439
4264	2274	1601	1151
4265	4418	4099	3258
4266	4327	3084	1496
4267	3399	4169	4065
4268	3625	467	2887
4269	930	3213	700
4270	3570	3122	4569
4271	4987	3272	201
4272	2754	4295	1356
4273	3720	1762	1615
4274	4480	2313	51
4275	2220	4991	1463
4276	3894	572	4324
4277	675	611	702
4278	1677	4851	1479
4279	825	4529	2057
4280	649	2657	3249
4281	3875	3510	75
4282	96	1849	534
4283	3124	1205	493
4284	2523	2998	838
4285	4349	3997	1548
4286	4244	3181	1834
4287	3512	602	4870
4288	549	2847	856
4289	3663	2067	755
4290	1758	4098	4090
4291	3556	2099	4281
4292	4050	1868	4959
4293	2957	1609	3759
4294	3666	3015	1556
4295	3889	3724	4180
4296	401	2310	813
4297	2873	1837	3469
4298	4960	4822	4869
4299	4549	4649	1958
4300	3943	3663	801
4301	4649	1965	2346
4302	280	3146	896
4303	434	2828	1475
4304	94	698	4410
4305	3760	274	4176
4306	1774	3026	4305
4307	2282	2101	2860
4308	842	4745	2579
4309	2991	966	3704
4310	3574	1488	3084
4311	3507	638	4150
4312	4924	170	1106
4313	2790	183	2050
4314	2320	3582	29
4315	1900	4945	453
4316	4755	2633	2981
4317	2016	4747	4095
4318	4662	1730	1351
4319	4012	2863	2558
4320	40	1303	4643
4321	775	2122	3274
4322	544	2721	2072
4323	531	477	4196
4324	3599	1481	262
4325	432	1370	1732
4326	1908	3066	3166
4327	2700	2620	3455
4328	3061	4946	3731
4329	4796	418	438
4330	405	4654	1933
4331	3129	1589	3504
4332	2271	3666	228
4333	1855	3022	2983
4334	219	122	3451
4335	1107	3145	1012
4336	1982	3774	2371
4337	342	3267	3476
4338	2316	415	4182
4339	1854	988	2259
4340	2896	1895	307
4341	88	747	4802
4342	2089	1231	4274
4343	3308	137	4411
4344	2856	1809	1873
4345	1310	2499	2742
4346	3413	348	156
4347	1342	1944	4523
4348	1112	624	3306
4349	1909	797	4746
4350	3603	1343	1357
4351	2537	2244	1413
4352	4374	744	2960
4353	2017	1574	3623
4354	2693	131	2664
4355	63	3902	925
4356	3854	749	2898
4357	624	51	2919
4358	2445	4287	4916
4359	4863	3531	791
4360	761	4802	1026
4361	3355	4042	711
4362	436	2174	3662
4363	2177	2367	3500
4364	2600	1568	4229
4365	3224	4128	3857
4366	1980	2233	949
4367	4454	548	533
4368	315	2397	1807
4369	2206	3624	3988
4370	6	12	4018
4371	2217	3823	4795
4372	3545	4936	942
4373	3242	2061	520
4374	3269	1628	3684
4375	4380	3832	2527
4376	4064	2882	4849
4377	2059	882	2153
4378	3775	4354	3066
4379	71	890	1204
4380	1374	3894	4573
4381	2792	2414	251
4382	4520	2848	3353
4383	3849	1307	485
4384	4106	4008	4084
4385	1262	729	4123
4386	4028	3256	170
4387	3657	4492	4956
4388	1175	2229	743
4389	1967	2802	1396
4390	2485	1463	2095
4391	4497	1892	625
4392	4434	2710	2708
4393	663	4873	1094
4394	3763	3660	2851
4395	2595	2123	3176
4396	560	2914	2341
4397	4463	802	4761
4398	281	2455	603
4399	4915	977	2020
4400	3981	595	1127
4401	4390	3757	1455
4402	3234	2673	1699
4403	4855	276	1954
4404	4817	2336	3576
4405	4742	2872	1723
4406	515	4528	4904
4407	1240	2503	2405
4408	4763	1221	3362
4409	934	3235	1568
4410	759	3934	1910
4411	4694	1338	1756
4412	1421	121	3368
4413	605	4197	4457
4414	3766	1286	761
4415	48	2884	4222
4416	4984	1911	3031
4417	3326	1225	3919
4418	1129	3836	302
4419	3745	1607	3855
4420	3926	1908	1089
4421	1259	824	2351
4422	4091	4925	3063
4423	666	4318	4809
4424	771	3248	2873
4425	4002	4973	4317
4426	1324	2017	3523
4427	700	2845	1291
4428	3959	1243	418
4429	813	2262	993
4430	1699	204	2114
4431	3969	2987	972
4432	4904	3023	3486
4433	3417	4418	969
4434	1536	193	1246
4435	1449	4457	837
4436	413	4488	661
4437	2486	2398	368
4438	3772	905	3395
4439	2157	487	4406
4440	953	2141	692
4441	3163	397	2681
4442	4453	246	3538
4443	1580	3083	3605
4444	1499	1440	764
4445	3818	3681	3683
4446	3139	3526	3341
4447	3642	3013	3271
4448	1961	1352	1506
4449	2890	4396	2651
4450	4469	3401	1570
4451	1200	1459	344
4452	99	3741	1944
4453	287	2231	606
4454	3573	441	3701
4455	1662	1181	4823
4456	84	3598	421
4457	3955	1493	2333
4458	2175	3187	3580
4459	3861	764	387
4460	2331	1787	306
4461	3020	1453	2537
4462	1906	1811	809
4463	1905	1448	3585
4464	2664	3560	4855
4465	4258	391	2845
4466	2587	3045	4348
4467	3289	3656	3594
4468	4702	4952	4774
4469	2212	2577	2273
4470	1534	2629	1758
4471	3390	2348	217
4472	1862	1739	3441
4473	72	576	1107
4474	4156	4877	4119
4475	296	609	2642
4476	4047	3913	956
4477	452	2257	4539
4478	21	3770	4268
4479	3569	3266	3422
4480	3156	3637	4262
4481	2785	2999	981
4482	3094	4453	1068
4483	3652	4200	4739
4484	1252	2432	2001
4485	1413	1360	240
4486	1603	3762	790
4487	2536	1155	1454
4488	4485	3204	343
4489	304	1670	2803
4490	3048	2236	4768
4491	2669	495	4760
4492	3571	1270	3363
4493	4062	3932	2339
4494	2413	3258	746
4495	998	2870	4100
4496	198	388	2109
4497	1692	1247	393
4498	837	4515	1430
4499	3638	2740	926
4500	4852	3938	1691
4501	1071	4048	1299
4502	1539	1438	372
4503	4617	1829	2816
4504	3744	1808	877
4505	251	3527	2431
4506	1157	2230	3788
4507	2503	4386	3034
4508	990	3808	3418
4509	3	4043	3380
4510	2266	2463	3882
4511	167	3643	1185
4512	2106	2551	1522
4513	3314	4204	875
4514	4204	2505	3456
4515	2684	3586	99
4516	4590	2827	4328
4517	2376	2920	4906
4518	1526	2058	2645
4519	4209	1511	1815
4520	3321	2062	3936
4521	2030	4256	3473
4522	4430	153	1164
4523	3210	1287	1377
4524	3498	1937	3322
4525	1794	1643	4836
4526	1795	4216	3160
4527	4343	3150	4995
4528	3201	4470	3474
4529	824	1374	1124
4530	617	1275	1987
4531	3275	1304	1890
4532	4162	4202	844
4533	2860	70	3768
4534	1312	726	431
4535	4439	1229	462
4536	3218	3391	541
4537	1461	4135	4672
4538	4383	1936	776
4539	4636	4208	2168
4540	3357	2909	3401
4541	3610	108	2605
4542	2770	3180	4616
4543	4772	3035	2520
4544	4513	1699	4516
4545	2470	781	4486
4546	3090	4985	3877
4547	2326	3164	1486
4548	213	2274	3884
4549	2076	4006	592
4550	713	3688	2675
4551	468	334	2953
4552	1244	1669	3328
4553	2218	3132	749
4554	2290	874	181
4555	1166	2660	1226
4556	670	1692	3244
4557	2022	3910	1992
4558	4221	1148	2496
4559	767	814	291
4560	3925	3471	4224
4561	1674	3027	1836
4562	1041	1649	4810
4563	264	4705	3577
4564	293	2603	4055
4565	3596	1616	4012
4566	2895	340	164
4567	1609	1308	4013
4568	1125	4205	2984
4569	2865	343	3202
4570	1008	3233	2359
4571	2939	4509	1629
4572	2353	312	1363
4573	1363	4839	1366
4574	85	731	2714
4575	4104	655	1776
4576	1415	3543	2063
4577	1291	2178	146
4578	1353	1966	1523
4579	4907	1023	3959
4580	2852	759	4405
4581	4548	2377	782
4582	678	1124	3776
4583	1479	4222	2909
4584	2903	2158	2067
4585	3208	97	3295
4586	861	3088	623
4587	3932	2204	556
4588	4286	2667	2320
4589	2483	2137	200
4590	2924	3220	526
4591	4455	1114	4707
4592	651	1033	3379
4593	2827	3351	2331
4594	79	3919	309
4595	2964	2662	139
4596	176	2080	4947
4597	3108	582	489
4598	1269	1121	2450
4599	2951	3496	1897
4600	880	4783	4736
4601	1050	3886	4528
4602	3363	636	1153
4603	2974	889	4485
4604	2295	223	4171
4605	3222	19	2837
4606	1822	1439	76
4607	4943	4482	3480
4608	455	3738	125
4609	2201	3306	1023
4610	4042	2418	1887
4611	483	1171	2585
4612	375	1724	1762
4613	4388	2107	1823
4614	4697	1538	211
4615	3000	3969	185
4616	3298	2554	23
4617	241	36	4574
4618	652	3887	1216
4619	2432	880	4341
4620	4450	332	429
4621	3618	2487	3255
4622	2742	3344	2381
4623	3587	2201	3658
4624	2981	818	2760
4625	804	2286	2523
4626	3005	2360	3741
4627	3053	4881	800
4628	4140	3814	4352
4629	2642	4145	3390
4630	1540	3486	2656
4631	3945	3595	163
4632	2390	3468	4232
4633	3743	4113	1895
4634	3953	3203	2136
4635	3379	4315	1862
4636	3420	2047	2977
4637	2269	3933	3651
4638	1880	1729	1620
4639	1408	1090	2618
4640	1054	3917	1830
4641	521	3161	2241
4642	1875	702	1849
4643	4752	4878	734
4644	898	2529	4381
4645	4606	1073	4000
4646	1987	4940	2155
4647	1860	4089	2669
4648	1459	4498	4346
4649	4991	2664	2277
4650	2803	879	174
4651	2732	2139	886
4652	588	1130	4738
4653	2786	1302	613
4654	812	866	1052
4655	301	4954	3237
4656	3667	1998	3412
4657	2139	4158	3173
4658	3695	3720	459
4659	3898	1627	2565
4660	4427	2985	1700
4661	682	4587	3123
4662	3850	559	1211
4663	2324	1843	1502
4664	1679	4227	552
4665	1221	1177	4964
4666	3078	3686	2444
4667	2254	3314	2008
4668	4850	675	1929
4669	1922	2396	1912
4670	1254	575	916
4671	2117	1673	4454
4672	501	2207	932
4673	3188	4332	1801
4674	1341	4299	2507
4675	4093	2488	806
4676	4670	1646	1223
4677	101	2820	4498
4678	4867	1642	4499
4679	647	1476	2318
4680	686	3438	2220
4681	2738	3650	3186
4682	3415	2040	3780
4683	2172	3657	3568
4684	1550	4341	1745
4685	165	1462	4993
4686	4208	2800	4034
4687	4251	4691	3074
4688	881	4198	4083
4689	4490	2846	451
4690	2053	1744	3231
4691	1362	1339	1809
4692	1895	1150	2672
4693	1628	3685	2543
4694	3853	3062	3369
4695	2954	3655	2870
4696	1138	2980	3650
4697	1462	2580	563
4698	4603	2806	1811
4699	800	3367	3438
4700	3170	3937	2102
4701	482	379	3823
4702	1251	2209	787
4703	75	2142	1045
4704	3231	1955	3999
4705	3325	3580	2740
4706	2056	1197	2406
4707	5000	1645	2770
4708	1660	2477	2084
4709	4542	1282	284
4710	2443	2247	1
4711	640	1971	4217
4712	1137	3866	3089
4713	456	2356	1631
4714	1188	4081	516
4715	1180	235	1778
4716	3656	1565	2123
4717	37	3654	4080
4718	688	4963	643
4719	2601	4961	1008
4720	3471	2225	3955
4721	3789	3841	756
4722	4291	3223	340
4723	1411	1632	640
4724	1671	1795	4664
4725	3721	1518	2106
4726	4692	442	150
4727	1703	484	2246
4728	1127	1671	4845
4729	613	4630	2829
4730	3480	3262	1384
4731	4551	1583	517
4732	179	3797	1253
4733	795	4671	2626
4734	3232	2992	1881
4735	1802	3142	3248
4736	2594	2214	2705
4737	840	852	895
4738	4405	1103	2794
4739	741	3374	2035
4740	2146	114	1696
4741	2037	3216	2910
4742	2730	2776	4337
4743	4750	2146	409
4744	2899	2869	1507
4745	710	4746	2056
4746	4433	3973	4035
4747	3071	3603	740
4748	4444	4020	213
4749	1505	4052	4449
4750	3868	774	666
4751	3463	1359	2278
4752	1230	247	235
4753	212	3483	2436
4754	440	4669	4770
4755	1962	4072	4091
4756	2303	26	4264
4757	2411	2578	3098
4758	2308	4798	2826
4759	1078	4224	4787
4760	2675	2722	4536
4761	1824	2619	3611
4762	3311	4149	2212
4763	268	1149	195
4764	2165	3205	4798
4765	966	13	3424
4766	1965	3196	3257
4767	1190	3947	435
4768	2276	1758	4
4769	2277	1750	4725
4770	471	3259	4819
4771	1113	1716	2334
4772	1592	417	3454
4773	4264	3378	2883
4774	608	792	2326
4775	3703	2110	327
4776	4051	4061	1706
4777	4648	1582	1264
4778	1373	4296	618
4779	2568	4378	1456
4780	3807	4175	2470
4781	909	389	4120
4782	3025	1252	2568
4783	1187	377	2954
4784	2566	1279	122
4785	3063	2527	4726
4786	4588	4518	3182
4787	2293	3387	2034
4788	3123	471	4038
4789	4938	383	2474
4790	3141	3896	2809
4791	4890	1188	843
4792	1944	1180	4677
4793	900	1619	3672
4794	1365	80	1408
4795	3936	1679	1044
4796	4630	4320	3502
4797	340	324	909
4798	4406	826	3688
4799	3280	1031	194
4800	2602	585	732
4801	3006	3963	2367
4802	4324	3873	3055
4803	3626	302	624
4804	704	743	2609
4805	2036	1319	1424
4806	2181	1612	3545
4807	4116	2245	2713
4808	2658	618	1330
4809	3614	40	2502
4810	4470	2216	4153
4811	1096	4489	2900
4812	4112	350	1795
4813	3856	4584	676
4814	2623	3326	1422
4815	1894	2897	3893
4816	3004	3089	2668
4817	2153	3949	1119
4818	1691	1912	3773
4819	559	1167	1657
4820	1199	2292	3873
4821	585	4639	1261
4822	4157	4600	4014
4823	1043	1594	4646
4824	770	898	220
4825	3864	3215	4622
4826	4859	933	268
4827	4967	4585	83
4828	1264	4885	4253
4829	3466	292	2939
4830	542	4623	2562
4831	4086	4021	419
4832	4757	4838	3492
4833	3143	331	2435
4834	1204	1738	2130
4835	3723	2073	2446
4836	4809	1412	2918
4837	3598	2490	4058
4838	3383	1718	131
4839	26	2623	2877
4840	2388	100	4502
4841	4049	3974	2378
4842	3489	3960	4505
4843	4036	2460	460
4844	4402	973	3339
4845	3401	4461	2257
4846	2694	4565	1513
4847	3342	929	2950
4848	4395	3673	3931
4849	3725	592	3714
4850	4044	987	4815
4851	2936	1898	3998
4852	2806	3105	835
4853	1133	1979	1116
4854	185	1409	3966
4855	807	2251	4483
4856	192	1907	196
4857	1450	913	3261
4858	1495	1542	664
4859	406	1753	1325
4860	3318	2435	3642
4861	584	3568	679
4862	2894	167	646
4863	1729	3729	688
4864	210	4906	4880
4865	4507	151	1362
4866	2020	3012	2240
4867	4048	2865	3277
4868	2821	4998	2756
4869	1970	2701	4918
4870	1220	3411	4331
4871	1798	293	2390
4872	1161	3540	733
4873	510	2271	907
4874	4686	1862	4102
4875	4274	2616	3044
4876	4072	939	4320
4877	1338	4809	3453
4878	2068	600	3803
4879	2235	4525	4582
4880	4746	1941	3203
4881	1145	4464	960
4882	1599	3282	4711
4883	3054	1288	2237
4884	685	3443	3522
4885	46	1004	3786
4886	965	1696	2912
4887	1293	1318	2086
4888	4228	4140	774
4889	162	2839	4655
4890	3199	2237	4130
4891	4023	1368	965
4892	4201	2018	1436
4893	1652	4307	4420
4894	309	4703	4438
4895	104	1557	2354
4896	1598	387	4452
4897	2837	1791	3481
4898	2817	2172	1819
4899	511	877	4285
4900	4488	934	598
4901	3792	2458	4284
4902	3265	2783	3210
4903	3438	2105	3239
4904	1797	144	1843
4905	29	2006	3082
4906	3595	2131	584
4907	3783	1429	1563
4908	3380	4966	3183
4909	3013	4174	4371
4910	4788	1362	828
4911	2611	2383	2012
4912	1452	1164	667
4913	1759	1224	811
4914	4511	4433	2234
4915	371	730	4838
4916	4145	969	3097
4917	3794	1705	4326
4918	1857	1497	3293
4919	3138	1217	2506
4920	8	3383	1110
4921	1560	2572	4532
4922	4404	2482	4181
4923	1757	1208	280
4924	2186	4070	444
4925	78	2761	2316
4926	2245	1207	1098
4927	1192	1940	1425
4928	3774	130	4578
4929	178	341	4919
4930	680	1106	478
4931	1271	1426	948
4932	3219	3054	3348
4933	2010	4755	4914
4934	3671	2764	799
4935	1496	112	3911
4936	308	190	1981
4937	3693	1070	1748
4938	3944	445	369
4939	1253	2814	2303
4940	3967	2068	1948
4941	2126	1983	1833
4942	4922	2541	2821
4943	1839	453	2211
4944	2393	2569	982
4945	2539	2641	3205
4946	4600	3784	4535
4947	1057	4298	3583
4948	3243	357	3370
4949	3661	4327	26
4950	2306	232	1353
4951	4641	2019	2218
4952	4200	3806	3226
4953	1177	4773	4041
4954	3611	32	2146
4955	3578	3631	2857
4956	1978	1101	4560
4957	454	4779	2044
4958	1311	3158	4796
4959	1803	4619	4909
4960	3520	2064	2059
4961	2525	2688	60
4962	156	3589	3225
4963	3132	2324	3193
4964	2993	1157	2143
4965	4857	4922	403
4966	1414	1151	3145
4967	4676	3843	1622
4968	2884	3991	3197
4969	4029	249	3421
4970	723	109	2935
4971	4514	401	1173
4972	2923	1556	1759
4973	1999	4352	2272
4974	2137	3218	4333
4975	3291	868	2113
4976	470	2756	3417
4977	2401	4547	384
4978	2809	543	3364
4979	3501	3184	1370
4980	4696	3484	3950
4981	596	3289	810
4982	4158	1512	2493
4983	1680	2294	1382
4984	3785	376	1900
4985	3017	3816	1931
4986	1317	1183	275
4987	1045	1629	4640
4988	4610	1801	3036
4989	445	1896	3910
4990	788	222	1256
4991	4435	2822	3898
4992	4122	2250	4941
4993	867	864	1707
4994	2749	1284	1537
4995	358	2787	4889
4996	3997	865	1540
4997	2794	1389	911
4998	1919	4571	4762
4999	1749	3332	4756
5000	981	1433	1607
